stage_id,candidate_id,req_id,stage_name,stage_sequence,stage_date,outcome,interviewer_id,feedback_score
STG000001,CAN00001,REQ1025,Recruiter Screening,1,2025-02-06,Cleared,\N,5
STG000002,CAN00001,REQ1025,Profile Submission,2,2025-02-10,Rejected – Culture Fit,REC014,1
STG000003,CAN00002,REQ1001,Recruiter Screening,1,2025-04-21,Cleared,\N,3
STG000004,CAN00002,REQ1001,Profile Submission,2,2025-05-01,Cleared,REC011,5
STG000005,CAN00002,REQ1001,Technical Round 1,3,2025-05-16,Rejected – Skills,REC015,2
STG000006,CAN00003,REQ1021,Recruiter Screening,1,2025-04-28,Rejected – Skills,\N,1
STG000007,CAN00004,REQ1010,Recruiter Screening,1,2025-05-19,Cleared,\N,4
STG000008,CAN00004,REQ1010,Profile Submission,2,2025-05-22,Cleared,REC009,5
STG000009,CAN00004,REQ1010,Technical Round 1,3,2025-05-26,Cleared,REC003,5
STG000010,CAN00004,REQ1010,Technical Round 2,4,2025-06-02,Cleared,REC010,3
STG000011,CAN00004,REQ1010,Hiring Manager Round,5,2025-06-09,Cleared,REC006,5
STG000012,CAN00004,REQ1010,Offer Stage,6,2025-06-12,Candidate Withdrew,REC009,\N
STG000013,CAN00005,REQ1060,Recruiter Screening,1,2025-02-24,Cleared,\N,3
STG000014,CAN00005,REQ1060,HR Intro Round,2,2025-02-25,Rejected – Skills,REC003,2
STG000015,CAN00006,REQ1009,Recruiter Screening,1,2024-10-14,Cleared,\N,3
STG000016,CAN00006,REQ1009,Profile Submission,2,2024-10-22,Rejected – Skills,REC004,2
STG000017,CAN00007,REQ1019,Recruiter Screening,1,2024-06-04,Req Cancelled Mid-Process,\N,\N
STG000018,CAN00008,REQ1004,Recruiter Screening,1,2025-01-27,Cleared,\N,4
STG000019,CAN00008,REQ1004,Profile Submission,2,2025-02-13,Rejected – Compensation Mismatch,REC008,1
STG000020,CAN00009,REQ1057,Recruiter Screening,1,2025-02-26,Cleared,\N,5
STG000021,CAN00009,REQ1057,Profile Submission,2,2025-03-03,Cleared,REC005,5
STG000022,CAN00009,REQ1057,Technical Round 1,3,2025-03-10,Cleared,REC012,3
STG000023,CAN00009,REQ1057,Technical Round 2,4,2025-03-17,Cleared,REC010,4
STG000024,CAN00009,REQ1057,System Design Round,5,2025-03-24,Cleared,REC001,\N
STG000025,CAN00009,REQ1057,Panel Round,6,2025-03-27,Cleared,REC013,5
STG000026,CAN00009,REQ1057,Culture Fit Round,7,2025-04-04,Rejected – Skills,REC014,1
STG000027,CAN00010,REQ1005,Recruiter Screening,1,2024-12-26,Cleared,\N,4
STG000028,CAN00010,REQ1005,Profile Submission,2,2025-01-10,Cleared,REC009,3
STG000029,CAN00010,REQ1005,Technical Round 1,3,2025-01-27,Cleared,REC002,3
STG000030,CAN00010,REQ1005,Technical Round 2,4,2025-02-06,Rejected – Skills,REC015,2
STG000031,CAN00011,REQ1004,Recruiter Screening,1,2025-03-10,Cleared,\N,3
STG000032,CAN00011,REQ1004,Profile Submission,2,2025-03-27,Cleared,REC013,3
STG000033,CAN00011,REQ1004,Technical Round 1,3,2025-04-11,Rejected – Skills,REC009,3
STG000034,CAN00012,REQ1054,Recruiter Screening,1,2024-12-06,Cleared,\N,3
STG000035,CAN00012,REQ1054,Profile Submission,2,2024-12-10,Rejected – Skills,REC010,3
STG000036,CAN00013,REQ1044,Recruiter Screening,1,2025-02-19,Cleared,\N,4
STG000037,CAN00013,REQ1044,Profile Submission,2,2025-02-26,Cleared,REC002,5
STG000038,CAN00013,REQ1044,Technical Round 1,3,2025-02-27,Candidate Ghosted,REC011,\N
STG000039,CAN00014,REQ1025,Recruiter Screening,1,2025-02-18,Cleared,\N,4
STG000040,CAN00014,REQ1025,Profile Submission,2,2025-02-25,Rejected – Compensation Mismatch,REC009,1
STG000041,CAN00015,REQ1043,Recruiter Screening,1,2024-02-27,Rejected – Skills,\N,3
STG000042,CAN00016,REQ1006,Recruiter Screening,1,2024-05-15,Cleared,\N,3
STG000043,CAN00016,REQ1006,Profile Submission,2,2024-05-16,Rejected – Culture Fit,REC002,1
STG000044,CAN00017,REQ1014,Recruiter Screening,1,2024-06-03,Cleared,\N,5
STG000045,CAN00017,REQ1014,Profile Submission,2,2024-06-10,Cleared,REC004,4
STG000046,CAN00018,REQ1019,Recruiter Screening,1,2024-06-10,Req Cancelled Mid-Process,\N,\N
STG000047,CAN00019,REQ1037,Recruiter Screening,1,2024-09-03,Cleared,\N,3
STG000048,CAN00019,REQ1037,Profile Submission,2,2024-09-18,Cleared,REC004,4
STG000049,CAN00020,REQ1019,Recruiter Screening,1,2024-05-24,Rejected – Skills,\N,1
STG000050,CAN00021,REQ1012,Recruiter Screening,1,2024-11-18,Rejected – Skills,\N,1
STG000051,CAN00022,REQ1036,Recruiter Screening,1,2024-09-17,Cleared,\N,3
STG000052,CAN00022,REQ1036,Profile Submission,2,2024-09-23,Cleared,REC013,4
STG000053,CAN00022,REQ1036,Technical Round 1,3,2024-09-30,Cleared,REC009,5
STG000054,CAN00023,REQ1041,Recruiter Screening,1,2025-04-17,Cleared,\N,3
STG000055,CAN00023,REQ1041,HR Intro Round,2,2025-04-23,Cleared,REC009,\N
STG000056,CAN00023,REQ1041,Technical Round 1,3,2025-04-28,Rejected – Skills,REC007,3
STG000057,CAN00024,REQ1037,Recruiter Screening,1,2024-07-29,Cleared,\N,4
STG000058,CAN00024,REQ1037,Profile Submission,2,2024-08-13,Cleared,REC012,\N
STG000059,CAN00024,REQ1037,Technical Round 1,3,2024-08-27,Cleared,REC009,5
STG000060,CAN00024,REQ1037,Technical Round 2,4,2024-09-13,Rejected – Skills,REC006,1
STG000061,CAN00025,REQ1044,Recruiter Screening,1,2025-01-06,Rejected – Skills,\N,3
STG000062,CAN00026,REQ1044,Recruiter Screening,1,2024-12-31,Cleared,\N,5
STG000063,CAN00026,REQ1044,Profile Submission,2,2025-01-03,Cleared,REC003,4
STG000064,CAN00026,REQ1044,Technical Round 1,3,2025-01-09,Rejected – Skills,REC015,3
STG000065,CAN00027,REQ1004,Recruiter Screening,1,2024-11-28,Cleared,\N,3
STG000066,CAN00027,REQ1004,Profile Submission,2,2024-12-16,Rejected – Compensation Mismatch,REC011,2
STG000067,CAN00028,REQ1017,Recruiter Screening,1,2024-11-19,Rejected – Skills,\N,\N
STG000068,CAN00029,REQ1034,Recruiter Screening,1,2024-10-24,Rejected – Skills,\N,2
STG000069,CAN00030,REQ1045,Recruiter Screening,1,2024-05-27,Cleared,\N,5
STG000070,CAN00030,REQ1045,Profile Submission,2,2024-06-07,Cleared,REC012,4
STG000071,CAN00030,REQ1045,Technical Round 1,3,2024-06-24,Cleared,REC015,4
STG000072,CAN00030,REQ1045,Technical Round 2,4,2024-07-12,Rejected – Skills,REC012,3
STG000073,CAN00031,REQ1053,Recruiter Screening,1,2024-02-08,Cleared,\N,3
STG000074,CAN00031,REQ1053,HR Intro Round,2,2024-02-16,Rejected – Skills,REC015,3
STG000075,CAN00032,REQ1038,Recruiter Screening,1,2025-04-07,Cleared,\N,4
STG000076,CAN00032,REQ1038,Profile Submission,2,2025-04-15,Cleared,REC010,5
STG000077,CAN00032,REQ1038,Technical Round 1,3,2025-04-21,Cleared,REC015,3
STG000078,CAN00032,REQ1038,Technical Round 2,4,2025-04-25,Cleared,REC014,3
STG000079,CAN00032,REQ1038,Technical Round 3,5,2025-05-01,Rejected – Skills,REC014,3
STG000080,CAN00033,REQ1039,Recruiter Screening,1,2024-12-16,Rejected – Culture Fit,\N,2
STG000081,CAN00034,REQ1040,Recruiter Screening,1,2025-06-13,Cleared,\N,3
STG000082,CAN00034,REQ1040,Profile Submission,2,2025-06-16,Rejected – Skills,REC011,3
STG000083,CAN00035,REQ1043,Recruiter Screening,1,2024-02-12,Cleared,\N,3
STG000084,CAN00035,REQ1043,Profile Submission,2,2024-02-16,Cleared,REC005,3
STG000085,CAN00035,REQ1043,Technical Round 1,3,2024-02-22,Cleared,REC005,4
STG000086,CAN00035,REQ1043,Technical Round 2,4,2024-02-29,Rejected – Skills,REC006,3
STG000087,CAN00036,REQ1024,Recruiter Screening,1,2024-06-14,Rejected – Skills,\N,3
STG000088,CAN00037,REQ1056,Recruiter Screening,1,2025-01-20,Cleared,\N,4
STG000089,CAN00037,REQ1056,Profile Submission,2,2025-01-28,Cleared,REC013,5
STG000090,CAN00037,REQ1056,Technical Round 1,3,2025-02-05,Rejected – Culture Fit,REC013,3
STG000091,CAN00038,REQ1008,Recruiter Screening,1,2025-05-02,Rejected – Skills,\N,3
STG000092,CAN00039,REQ1020,Recruiter Screening,1,2024-06-03,Cleared,\N,4
STG000093,CAN00039,REQ1020,HR Intro Round,2,2024-06-06,Cleared,REC010,4
STG000094,CAN00039,REQ1020,Technical Round 1,3,2024-06-10,Cleared,REC012,4
STG000095,CAN00039,REQ1020,Hiring Manager Round,4,2024-06-13,Cleared,REC004,5
STG000096,CAN00039,REQ1020,Offer Stage,5,2024-06-20,Cleared,REC002,5
STG000097,CAN00040,REQ1002,Recruiter Screening,1,2024-11-28,Rejected – Skills,\N,2
STG000098,CAN00041,REQ1010,Recruiter Screening,1,2024-12-23,Cleared,\N,3
STG000099,CAN00041,REQ1010,Profile Submission,2,2024-12-26,Candidate Ghosted,REC008,\N
STG000100,CAN00042,REQ1051,Recruiter Screening,1,2024-05-28,Req Cancelled Mid-Process,\N,\N
STG000101,CAN00043,REQ1036,Recruiter Screening,1,2024-08-08,Cleared,\N,5
STG000102,CAN00043,REQ1036,Profile Submission,2,2024-08-16,Rejected – Skills,REC001,3
STG000103,CAN00044,REQ1054,Recruiter Screening,1,2025-04-28,Cleared,\N,5
STG000104,CAN00044,REQ1054,Profile Submission,2,2025-05-05,Cleared,REC004,4
STG000105,CAN00044,REQ1054,Technical Round 1,3,2025-05-12,Rejected – Compensation Mismatch,REC009,\N
STG000106,CAN00045,REQ1057,Recruiter Screening,1,2025-03-11,Cleared,\N,4
STG000107,CAN00045,REQ1057,Profile Submission,2,2025-03-19,Rejected – Skills,REC012,2
STG000108,CAN00046,REQ1005,Recruiter Screening,1,2025-02-13,Cleared,\N,4
STG000109,CAN00046,REQ1005,Profile Submission,2,2025-02-24,Cleared,REC009,5
STG000110,CAN00046,REQ1005,Technical Round 1,3,2025-02-25,Cleared,REC011,4
STG000111,CAN00046,REQ1005,Technical Round 2,4,2025-02-26,Rejected – Compensation Mismatch,REC009,1
STG000112,CAN00047,REQ1043,Recruiter Screening,1,2024-01-26,Cleared,\N,5
STG000113,CAN00047,REQ1043,Profile Submission,2,2024-02-02,Cleared,REC005,4
STG000114,CAN00047,REQ1043,Technical Round 1,3,2024-02-05,Cleared,REC002,5
STG000115,CAN00047,REQ1043,Technical Round 2,4,2024-02-13,On Hold – Panel Unavailable,REC008,\N
STG000116,CAN00048,REQ1027,Recruiter Screening,1,2025-03-10,Cleared,\N,4
STG000117,CAN00048,REQ1027,Profile Submission,2,2025-03-17,Cleared,REC013,3
STG000118,CAN00048,REQ1027,Technical Round 1,3,2025-03-25,Cleared,REC006,3
STG000119,CAN00048,REQ1027,Technical Round 2,4,2025-03-26,Cleared,REC012,3
STG000120,CAN00049,REQ1049,Recruiter Screening,1,2025-03-18,Cleared,\N,3
STG000121,CAN00049,REQ1049,HR Intro Round,2,2025-03-24,Cleared,REC005,4
STG000122,CAN00049,REQ1049,Technical Round 1,3,2025-03-31,Candidate Withdrew,REC011,\N
STG000123,CAN00050,REQ1019,Recruiter Screening,1,2024-06-21,Req Cancelled Mid-Process,\N,\N
STG000124,CAN00051,REQ1047,Recruiter Screening,1,2024-03-25,Cleared,\N,3
STG000125,CAN00051,REQ1047,Profile Submission,2,2024-03-29,Cleared,REC015,5
STG000126,CAN00052,REQ1028,Recruiter Screening,1,2025-06-12,Cleared,\N,4
STG000127,CAN00052,REQ1028,Profile Submission,2,2025-06-16,Cleared,REC013,4
STG000128,CAN00052,REQ1028,Technical Round 1,3,2025-06-20,Cleared,REC004,3
STG000129,CAN00052,REQ1028,Technical Round 2,4,2025-06-24,Cleared,REC005,4
STG000130,CAN00052,REQ1028,System Design Round,5,2025-06-30,Cleared,REC010,4
STG000131,CAN00053,REQ1027,Recruiter Screening,1,2025-03-17,Cleared,\N,5
STG000132,CAN00053,REQ1027,Profile Submission,2,2025-03-20,Rejected – Skills,REC011,2
STG000133,CAN00054,REQ1007,Recruiter Screening,1,2024-10-18,Rejected – Skills,\N,3
STG000134,CAN00055,REQ1030,Recruiter Screening,1,2025-03-10,Cleared,\N,4
STG000135,CAN00055,REQ1030,Profile Submission,2,2025-03-13,Candidate Withdrew,REC010,\N
STG000136,CAN00056,REQ1053,Recruiter Screening,1,2024-02-26,Cleared,\N,5
STG000137,CAN00056,REQ1053,HR Intro Round,2,2024-03-04,Cleared,REC013,3
STG000138,CAN00057,REQ1038,Recruiter Screening,1,2025-05-23,Cleared,\N,5
STG000139,CAN00057,REQ1038,Profile Submission,2,2025-05-29,Candidate Ghosted,REC006,\N
STG000140,CAN00058,REQ1007,Recruiter Screening,1,2024-10-17,Rejected – Skills,\N,3
STG000141,CAN00059,REQ1002,Recruiter Screening,1,2024-10-28,Cleared,\N,5
STG000142,CAN00059,REQ1002,Profile Submission,2,2024-11-11,Rejected – Skills,REC002,1
STG000143,CAN00060,REQ1010,Recruiter Screening,1,2025-03-21,Cleared,\N,5
STG000144,CAN00060,REQ1010,Profile Submission,2,2025-03-27,Cleared,REC002,5
STG000145,CAN00060,REQ1010,Technical Round 1,3,2025-04-03,Cleared,REC001,4
STG000146,CAN00060,REQ1010,Technical Round 2,4,2025-04-08,Cleared,REC015,5
STG000147,CAN00060,REQ1010,Hiring Manager Round,5,2025-04-15,Rejected – Culture Fit,REC009,3
STG000148,CAN00061,REQ1005,Recruiter Screening,1,2025-02-07,Cleared,\N,4
STG000149,CAN00061,REQ1005,Profile Submission,2,2025-02-24,Rejected – Skills,REC012,1
STG000150,CAN00062,REQ1034,Recruiter Screening,1,2024-10-16,Cleared,\N,4
STG000151,CAN00062,REQ1034,Profile Submission,2,2024-10-22,Cleared,REC010,5
STG000152,CAN00062,REQ1034,Technical Round 1,3,2024-10-28,Cleared,REC004,5
STG000153,CAN00062,REQ1034,Technical Round 2,4,2024-10-29,Cleared,REC005,4
STG000154,CAN00063,REQ1040,Recruiter Screening,1,2025-06-26,Rejected – Skills,\N,3
STG000155,CAN00064,REQ1055,Recruiter Screening,1,2024-05-06,Rejected – Skills,\N,2
STG000156,CAN00065,REQ1017,Recruiter Screening,1,2024-10-18,Cleared,\N,5
STG000157,CAN00065,REQ1017,Profile Submission,2,2024-10-24,Cleared,REC007,5
STG000158,CAN00065,REQ1017,Technical Round 1,3,2024-10-31,Cleared,REC015,5
STG000159,CAN00065,REQ1017,Technical Round 2,4,2024-11-07,Cleared,REC013,3
STG000160,CAN00065,REQ1017,Hiring Manager Round,5,2024-11-11,Cleared,REC010,5
STG000161,CAN00065,REQ1017,Offer Stage,6,2024-11-14,Cleared,REC007,5
STG000162,CAN00066,REQ1014,Recruiter Screening,1,2024-04-29,Candidate Withdrew,\N,\N
STG000163,CAN00067,REQ1004,Recruiter Screening,1,2024-12-16,Cleared,\N,3
STG000164,CAN00067,REQ1004,Profile Submission,2,2025-01-03,Cleared,REC012,4
STG000165,CAN00067,REQ1004,Technical Round 1,3,2025-01-20,Cleared,REC002,5
STG000166,CAN00067,REQ1004,Technical Round 2,4,2025-01-30,Rejected – Culture Fit,REC013,3
STG000167,CAN00068,REQ1001,Recruiter Screening,1,2025-03-27,Cleared,\N,3
STG000168,CAN00068,REQ1001,Profile Submission,2,2025-04-08,Cleared,REC012,3
STG000169,CAN00068,REQ1001,Technical Round 1,3,2025-04-21,Cleared,REC012,3
STG000170,CAN00068,REQ1001,Technical Round 2,4,2025-05-05,Cleared,REC010,3
STG000171,CAN00068,REQ1001,Hiring Manager Round,5,2025-05-16,Rejected – Culture Fit,REC006,2
STG000172,CAN00069,REQ1048,Recruiter Screening,1,2024-05-27,Cleared,\N,5
STG000173,CAN00069,REQ1048,HR Intro Round,2,2024-05-28,Cleared,REC003,5
STG000174,CAN00070,REQ1045,Recruiter Screening,1,2024-04-15,Cleared,\N,4
STG000175,CAN00070,REQ1045,Profile Submission,2,2024-05-01,Cleared,REC003,4
STG000176,CAN00070,REQ1045,Technical Round 1,3,2024-05-20,Cleared,REC015,5
STG000177,CAN00070,REQ1045,Technical Round 2,4,2024-06-03,Cleared,REC003,3
STG000178,CAN00070,REQ1045,System Design Round,5,2024-06-18,Rejected – Compensation Mismatch,REC001,2
STG000179,CAN00071,REQ1058,Recruiter Screening,1,2024-12-11,Cleared,\N,5
STG000180,CAN00071,REQ1058,HR Intro Round,2,2024-12-17,Cleared,REC013,3
STG000181,CAN00071,REQ1058,Technical Round 1,3,2024-12-23,Cleared,REC005,5
STG000182,CAN00071,REQ1058,Hiring Manager Round,4,2024-12-27,Rejected – Skills,REC009,2
STG000183,CAN00072,REQ1010,Recruiter Screening,1,2024-12-09,Cleared,\N,3
STG000184,CAN00072,REQ1010,Profile Submission,2,2024-12-16,Cleared,REC005,3
STG000185,CAN00072,REQ1010,Technical Round 1,3,2024-12-19,Cleared,REC008,3
STG000186,CAN00072,REQ1010,Technical Round 2,4,2024-12-23,Rejected – Skills,REC010,3
STG000187,CAN00073,REQ1014,Recruiter Screening,1,2024-06-07,Cleared,\N,5
STG000188,CAN00073,REQ1014,Profile Submission,2,2024-06-10,Cleared,REC005,5
STG000189,CAN00074,REQ1045,Recruiter Screening,1,2025-06-18,Rejected – Skills,\N,\N
STG000190,CAN00075,REQ1006,Recruiter Screening,1,2024-05-22,Cleared,\N,4
STG000191,CAN00075,REQ1006,Profile Submission,2,2024-05-23,Cleared,REC007,3
STG000192,CAN00075,REQ1006,Technical Round 1,3,2024-05-24,Rejected – Skills,REC008,2
STG000193,CAN00076,REQ1002,Recruiter Screening,1,2024-11-29,Rejected – Skills,\N,2
STG000194,CAN00077,REQ1014,Recruiter Screening,1,2024-05-06,Cleared,\N,4
STG000195,CAN00077,REQ1014,Profile Submission,2,2024-05-13,Candidate Withdrew,REC013,\N
STG000196,CAN00078,REQ1025,Recruiter Screening,1,2024-12-27,Cleared,\N,4
STG000197,CAN00078,REQ1025,Profile Submission,2,2024-12-31,On Hold – Panel Unavailable,REC015,\N
STG000198,CAN00079,REQ1026,Recruiter Screening,1,2024-08-20,Cleared,\N,5
STG000199,CAN00079,REQ1026,Profile Submission,2,2024-09-02,Cleared,REC012,5
STG000200,CAN00079,REQ1026,Technical Round 1,3,2024-09-16,Cleared,REC001,3
STG000201,CAN00079,REQ1026,Technical Round 2,4,2024-09-17,Cleared,REC009,3
STG000202,CAN00080,REQ1021,Recruiter Screening,1,2024-11-04,Cleared,\N,3
STG000203,CAN00080,REQ1021,Profile Submission,2,2024-11-07,Cleared,REC007,3
STG000204,CAN00080,REQ1021,Technical Round 1,3,2024-11-11,Cleared,REC009,3
STG000205,CAN00080,REQ1021,Technical Round 2,4,2024-11-18,Cleared,REC006,4
STG000206,CAN00080,REQ1021,System Design Round,5,2024-11-26,Cleared,REC010,4
STG000207,CAN00080,REQ1021,Panel Round,6,2024-12-04,Cleared,REC003,3
STG000208,CAN00080,REQ1021,Founder/CXO Round,7,2024-12-09,Cleared,REC006,4
STG000209,CAN00080,REQ1021,Reference Check,8,2024-12-13,Cleared,REC009,3
STG000210,CAN00080,REQ1021,Offer Stage,9,2024-12-20,Cleared,REC001,5
STG000211,CAN00081,REQ1025,Recruiter Screening,1,2025-02-20,Rejected – Culture Fit,\N,1
STG000212,CAN00082,REQ1035,Recruiter Screening,1,2024-07-29,Rejected – Skills,\N,1
STG000213,CAN00083,REQ1016,Recruiter Screening,1,2024-10-21,Cleared,\N,4
STG000214,CAN00083,REQ1016,Profile Submission,2,2024-10-28,Rejected – Skills,REC009,3
STG000215,CAN00084,REQ1060,Recruiter Screening,1,2025-02-21,Cleared,\N,5
STG000216,CAN00084,REQ1060,HR Intro Round,2,2025-03-04,Cleared,REC001,3
STG000217,CAN00085,REQ1012,Recruiter Screening,1,2024-11-19,Cleared,\N,3
STG000218,CAN00085,REQ1012,Profile Submission,2,2024-11-27,Cleared,REC006,4
STG000219,CAN00085,REQ1012,Technical Round 1,3,2024-12-04,Cleared,REC003,4
STG000220,CAN00085,REQ1012,Technical Round 2,4,2024-12-09,Cleared,REC012,4
STG000221,CAN00086,REQ1006,Recruiter Screening,1,2024-05-20,Cleared,\N,3
STG000222,CAN00086,REQ1006,Profile Submission,2,2024-05-21,Rejected – Skills,REC005,1
STG000223,CAN00087,REQ1035,Recruiter Screening,1,2024-07-26,Rejected – Skills,\N,1
STG000224,CAN00088,REQ1047,Recruiter Screening,1,2024-03-19,Cleared,\N,5
STG000225,CAN00088,REQ1047,Profile Submission,2,2024-03-25,Req Cancelled Mid-Process,REC002,\N
STG000226,CAN00089,REQ1036,Recruiter Screening,1,2024-08-12,Rejected – Skills,\N,2
STG000227,CAN00090,REQ1016,Recruiter Screening,1,2024-10-30,Cleared,\N,5
STG000228,CAN00090,REQ1016,Profile Submission,2,2024-11-04,Cleared,REC013,4
STG000229,CAN00090,REQ1016,Technical Round 1,3,2024-11-08,Rejected – Skills,REC003,1
STG000230,CAN00091,REQ1056,Recruiter Screening,1,2025-03-20,Cleared,\N,4
STG000231,CAN00091,REQ1056,Profile Submission,2,2025-03-24,Cleared,REC007,\N
STG000232,CAN00091,REQ1056,Technical Round 1,3,2025-03-31,Candidate Withdrew,REC003,\N
STG000233,CAN00092,REQ1001,Recruiter Screening,1,2025-02-13,Cleared,\N,5
STG000234,CAN00092,REQ1001,Profile Submission,2,2025-02-24,Cleared,REC002,4
STG000235,CAN00092,REQ1001,Technical Round 1,3,2025-03-06,Cleared,REC005,3
STG000236,CAN00092,REQ1001,Technical Round 2,4,2025-03-20,Rejected – Culture Fit,REC012,2
STG000237,CAN00093,REQ1035,Recruiter Screening,1,2024-06-24,Cleared,\N,4
STG000238,CAN00093,REQ1035,Profile Submission,2,2024-07-01,Cleared,REC013,4
STG000239,CAN00093,REQ1035,Technical Round 1,3,2024-07-05,Cleared,REC002,3
STG000240,CAN00093,REQ1035,Technical Round 2,4,2024-07-09,Rejected – Culture Fit,REC012,3
STG000241,CAN00094,REQ1033,Recruiter Screening,1,2024-09-11,Cleared,\N,3
STG000242,CAN00094,REQ1033,HR Intro Round,2,2024-09-16,Rejected – Compensation Mismatch,REC012,3
STG000243,CAN00095,REQ1003,Recruiter Screening,1,2024-07-02,Cleared,\N,4
STG000244,CAN00095,REQ1003,HR Intro Round,2,2024-07-15,Cleared,REC001,3
STG000245,CAN00095,REQ1003,Technical Round 1,3,2024-07-26,Cleared,REC002,3
STG000246,CAN00095,REQ1003,Hiring Manager Round,4,2024-08-12,Cleared,REC003,3
STG000247,CAN00095,REQ1003,Offer Stage,5,2024-08-13,Rejected – Culture Fit,REC007,1
STG000248,CAN00096,REQ1043,Recruiter Screening,1,2024-02-12,Cleared,\N,3
STG000249,CAN00096,REQ1043,Profile Submission,2,2024-02-20,Cleared,REC008,5
STG000250,CAN00096,REQ1043,Technical Round 1,3,2024-02-23,Cleared,REC004,4
STG000251,CAN00096,REQ1043,Technical Round 2,4,2024-03-04,Rejected – Compensation Mismatch,REC013,3
STG000252,CAN00097,REQ1027,Recruiter Screening,1,2025-03-20,Cleared,\N,3
STG000253,CAN00097,REQ1027,Profile Submission,2,2025-03-24,Cleared,REC001,4
STG000254,CAN00097,REQ1027,Technical Round 1,3,2025-03-25,Cleared,REC003,3
STG000255,CAN00097,REQ1027,Technical Round 2,4,2025-03-26,Cleared,REC014,5
STG000256,CAN00098,REQ1001,Recruiter Screening,1,2025-03-17,Cleared,\N,5
STG000257,CAN00098,REQ1001,Profile Submission,2,2025-04-01,Rejected – Compensation Mismatch,REC006,3
STG000258,CAN00099,REQ1051,Recruiter Screening,1,2024-05-20,Req Cancelled Mid-Process,\N,\N
STG000259,CAN00100,REQ1015,Recruiter Screening,1,2025-01-21,Rejected – Skills,\N,1
STG000260,CAN00101,REQ1015,Recruiter Screening,1,2025-02-21,Cleared,\N,3
STG000261,CAN00101,REQ1015,Profile Submission,2,2025-02-28,Rejected – Compensation Mismatch,REC012,2
STG000262,CAN00102,REQ1040,Recruiter Screening,1,2025-02-27,Cleared,\N,5
STG000263,CAN00102,REQ1040,Profile Submission,2,2025-03-07,Rejected – Compensation Mismatch,REC004,2
STG000264,CAN00103,REQ1060,Recruiter Screening,1,2025-02-24,Rejected – Skills,\N,2
STG000265,CAN00104,REQ1015,Recruiter Screening,1,2025-02-24,Cleared,\N,4
STG000266,CAN00104,REQ1015,Profile Submission,2,2025-03-04,Cleared,REC003,4
STG000267,CAN00104,REQ1015,Technical Round 1,3,2025-03-12,Rejected – Culture Fit,REC011,3
STG000268,CAN00105,REQ1050,Recruiter Screening,1,2024-06-06,Cleared,\N,4
STG000269,CAN00105,REQ1050,HR Intro Round,2,2024-06-14,Cleared,REC008,4
STG000270,CAN00105,REQ1050,Technical Round 1,3,2024-06-20,Cleared,REC013,4
STG000271,CAN00105,REQ1050,Hiring Manager Round,4,2024-06-21,Rejected – Skills,REC008,1
STG000272,CAN00106,REQ1027,Recruiter Screening,1,2025-02-24,Rejected – Skills,\N,1
STG000273,CAN00107,REQ1030,Recruiter Screening,1,2025-03-12,Cleared,\N,3
STG000274,CAN00107,REQ1030,Profile Submission,2,2025-03-17,Cleared,REC007,3
STG000275,CAN00107,REQ1030,Technical Round 1,3,2025-03-25,Cleared,REC005,5
STG000276,CAN00108,REQ1016,Recruiter Screening,1,2024-10-29,Cleared,\N,3
STG000277,CAN00108,REQ1016,Profile Submission,2,2024-11-04,Rejected – Skills,REC004,2
STG000278,CAN00109,REQ1039,Recruiter Screening,1,2024-12-16,Cleared,\N,5
STG000279,CAN00109,REQ1039,Profile Submission,2,2024-12-23,Cleared,REC006,3
STG000280,CAN00109,REQ1039,Technical Round 1,3,2024-12-30,Cleared,REC008,4
STG000281,CAN00109,REQ1039,Technical Round 2,4,2025-01-06,Cleared,REC001,5
STG000282,CAN00109,REQ1039,System Design Round,5,2025-01-10,Rejected – Culture Fit,REC011,1
STG000283,CAN00110,REQ1027,Recruiter Screening,1,2025-03-24,Cleared,\N,4
STG000284,CAN00110,REQ1027,Profile Submission,2,2025-03-25,Candidate Withdrew,REC008,\N
STG000285,CAN00111,REQ1055,Recruiter Screening,1,2024-04-01,Cleared,\N,5
STG000286,CAN00111,REQ1055,Profile Submission,2,2024-04-05,Cleared,REC003,3
STG000287,CAN00111,REQ1055,Technical Round 1,3,2024-04-09,Rejected – Skills,REC002,2
STG000288,CAN00112,REQ1020,Recruiter Screening,1,2024-05-30,Cleared,\N,5
STG000289,CAN00112,REQ1020,HR Intro Round,2,2024-06-04,Rejected – Culture Fit,REC013,1
STG000290,CAN00113,REQ1053,Recruiter Screening,1,2024-02-05,Cleared,\N,4
STG000291,CAN00113,REQ1053,HR Intro Round,2,2024-02-12,Cleared,REC010,5
STG000292,CAN00113,REQ1053,Technical Round 1,3,2024-02-19,Cleared,REC010,3
STG000293,CAN00113,REQ1053,Hiring Manager Round,4,2024-02-26,Rejected – Skills,REC015,2
STG000294,CAN00114,REQ1048,Recruiter Screening,1,2024-05-13,Rejected – Skills,\N,2
STG000295,CAN00115,REQ1040,Recruiter Screening,1,2025-02-26,Cleared,\N,5
STG000296,CAN00115,REQ1040,Profile Submission,2,2025-03-03,Cleared,REC012,4
STG000297,CAN00115,REQ1040,Technical Round 1,3,2025-03-10,Rejected – Skills,REC009,1
STG000298,CAN00116,REQ1026,Recruiter Screening,1,2024-07-15,Cleared,\N,3
STG000299,CAN00116,REQ1026,Profile Submission,2,2024-07-25,Cleared,REC012,4
STG000300,CAN00116,REQ1026,Technical Round 1,3,2024-08-07,Cleared,REC007,5
STG000301,CAN00116,REQ1026,Technical Round 2,4,2024-08-19,Rejected – Skills,REC010,2
STG000302,CAN00117,REQ1060,Recruiter Screening,1,2025-02-11,Cleared,\N,3
STG000303,CAN00117,REQ1060,HR Intro Round,2,2025-02-24,Rejected – Skills,REC004,3
STG000304,CAN00118,REQ1010,Recruiter Screening,1,2025-05-14,Cleared,\N,3
STG000305,CAN00118,REQ1010,Profile Submission,2,2025-05-19,Cleared,REC012,5
STG000306,CAN00118,REQ1010,Technical Round 1,3,2025-05-27,Cleared,REC008,4
STG000307,CAN00118,REQ1010,Technical Round 2,4,2025-06-02,Cleared,REC014,5
STG000308,CAN00118,REQ1010,Hiring Manager Round,5,2025-06-09,Cleared,REC011,5
STG000309,CAN00118,REQ1010,Offer Stage,6,2025-06-16,Cleared,REC005,4
STG000310,CAN00119,REQ1033,Recruiter Screening,1,2024-09-16,Cleared,\N,5
STG000311,CAN00119,REQ1033,HR Intro Round,2,2024-09-19,Cleared,REC005,\N
STG000312,CAN00119,REQ1033,Technical Round 1,3,2024-09-25,Cleared,REC012,5
STG000313,CAN00119,REQ1033,Hiring Manager Round,4,2024-09-26,Rejected – Skills,REC004,3
STG000314,CAN00120,REQ1016,Recruiter Screening,1,2024-11-11,Cleared,\N,4
STG000315,CAN00121,REQ1007,Recruiter Screening,1,2024-10-02,Cleared,\N,4
STG000316,CAN00121,REQ1007,Profile Submission,2,2024-10-07,Cleared,REC010,5
STG000317,CAN00121,REQ1007,Technical Round 1,3,2024-10-14,Cleared,REC002,5
STG000318,CAN00121,REQ1007,Technical Round 2,4,2024-10-15,Cleared,REC014,3
STG000319,CAN00121,REQ1007,Hiring Manager Round,5,2024-10-21,Cleared,REC010,4
STG000320,CAN00122,REQ1057,Recruiter Screening,1,2025-02-14,Rejected – Culture Fit,\N,1
STG000321,CAN00123,REQ1008,Recruiter Screening,1,2025-03-24,Cleared,\N,3
STG000322,CAN00123,REQ1008,HR Intro Round,2,2025-03-28,Cleared,REC007,4
STG000323,CAN00123,REQ1008,Technical Round 1,3,2025-04-03,Cleared,REC012,3
STG000324,CAN00123,REQ1008,Hiring Manager Round,4,2025-04-08,Rejected – Compensation Mismatch,REC004,3
STG000325,CAN00124,REQ1010,Recruiter Screening,1,2024-10-14,Cleared,\N,3
STG000326,CAN00124,REQ1010,Profile Submission,2,2024-10-17,Rejected – Skills,REC008,2
STG000327,CAN00125,REQ1032,Recruiter Screening,1,2025-05-16,Cleared,\N,4
STG000328,CAN00125,REQ1032,Profile Submission,2,2025-05-19,Cleared,REC004,3
STG000329,CAN00125,REQ1032,Technical Round 1,3,2025-05-27,Cleared,REC006,3
STG000330,CAN00125,REQ1032,Technical Round 2,4,2025-06-04,Rejected – Skills,REC005,3
STG000331,CAN00126,REQ1044,Recruiter Screening,1,2024-12-26,Cleared,\N,5
STG000332,CAN00126,REQ1044,Profile Submission,2,2024-12-31,Cleared,REC011,5
STG000333,CAN00126,REQ1044,Technical Round 1,3,2025-01-08,Cleared,REC011,3
STG000334,CAN00126,REQ1044,Technical Round 2,4,2025-01-15,Cleared,REC007,3
STG000335,CAN00126,REQ1044,System Design Round,5,2025-01-20,Cleared,REC002,4
STG000336,CAN00126,REQ1044,Panel Round,6,2025-01-23,Cleared,REC014,4
STG000337,CAN00126,REQ1044,Culture Fit Round,7,2025-01-30,Candidate Withdrew,REC006,\N
STG000338,CAN00127,REQ1049,Recruiter Screening,1,2025-03-28,Cleared,\N,3
STG000339,CAN00127,REQ1049,HR Intro Round,2,2025-04-04,Cleared,REC013,3
STG000340,CAN00127,REQ1049,Technical Round 1,3,2025-04-11,Cleared,REC011,4
STG000341,CAN00127,REQ1049,Hiring Manager Round,4,2025-04-15,Cleared,REC008,4
STG000342,CAN00127,REQ1049,Offer Stage,5,2025-04-18,Cleared,REC014,3
STG000343,CAN00128,REQ1027,Recruiter Screening,1,2025-03-03,Cleared,\N,3
STG000344,CAN00128,REQ1027,Profile Submission,2,2025-03-10,Cleared,REC012,4
STG000345,CAN00128,REQ1027,Technical Round 1,3,2025-03-17,Rejected – Skills,REC002,1
STG000346,CAN00129,REQ1021,Recruiter Screening,1,2025-05-01,Cleared,\N,4
STG000347,CAN00129,REQ1021,Profile Submission,2,2025-05-05,Cleared,REC001,5
STG000348,CAN00129,REQ1021,Technical Round 1,3,2025-05-13,Rejected – Compensation Mismatch,REC008,1
STG000349,CAN00130,REQ1032,Recruiter Screening,1,2025-02-24,Cleared,\N,5
STG000350,CAN00130,REQ1032,Profile Submission,2,2025-03-04,Cleared,REC014,5
STG000351,CAN00130,REQ1032,Technical Round 1,3,2025-03-10,Cleared,REC002,5
STG000352,CAN00130,REQ1032,Technical Round 2,4,2025-03-17,Cleared,REC011,4
STG000353,CAN00130,REQ1032,System Design Round,5,2025-03-25,Cleared,REC015,5
STG000354,CAN00130,REQ1032,Panel Round,6,2025-04-01,Cleared,REC009,3
STG000355,CAN00130,REQ1032,Offer Stage,7,2025-04-07,Rejected – Culture Fit,REC013,1
STG000356,CAN00131,REQ1047,Recruiter Screening,1,2024-03-13,Cleared,\N,4
STG000357,CAN00131,REQ1047,Profile Submission,2,2024-03-19,Cleared,REC006,4
STG000358,CAN00131,REQ1047,Technical Round 1,3,2024-03-22,Rejected – Skills,REC007,2
STG000359,CAN00132,REQ1047,Recruiter Screening,1,2024-03-28,Req Cancelled Mid-Process,\N,\N
STG000360,CAN00133,REQ1038,Recruiter Screening,1,2025-03-06,Cleared,\N,5
STG000361,CAN00133,REQ1038,Profile Submission,2,2025-03-14,Cleared,REC013,3
STG000362,CAN00133,REQ1038,Technical Round 1,3,2025-03-24,Cleared,REC013,5
STG000363,CAN00133,REQ1038,Technical Round 2,4,2025-03-31,Cleared,REC001,3
STG000364,CAN00133,REQ1038,Technical Round 3,5,2025-04-04,Cleared,REC012,5
STG000365,CAN00133,REQ1038,System Design Round,6,2025-04-10,Cleared,REC002,3
STG000366,CAN00133,REQ1038,Panel Round,7,2025-04-16,Cleared,REC012,3
STG000367,CAN00133,REQ1038,Founder/CXO Round,8,2025-04-21,Cleared,REC014,5
STG000368,CAN00133,REQ1038,Reference Check,9,2025-04-29,Cleared,REC008,4
STG000369,CAN00133,REQ1038,Offer Stage,10,2025-05-07,Cleared,REC001,4
STG000370,CAN00134,REQ1051,Recruiter Screening,1,2024-05-20,Cleared,\N,5
STG000371,CAN00134,REQ1051,Profile Submission,2,2024-05-24,Req Cancelled Mid-Process,REC006,\N
STG000372,CAN00135,REQ1018,Recruiter Screening,1,2024-05-07,Cleared,\N,5
STG000373,CAN00135,REQ1018,Profile Submission,2,2024-05-14,Cleared,REC012,5
STG000374,CAN00135,REQ1018,Technical Round 1,3,2024-05-20,Rejected – Skills,REC012,1
STG000375,CAN00136,REQ1033,Recruiter Screening,1,2024-09-30,Cleared,\N,4
STG000376,CAN00137,REQ1008,Recruiter Screening,1,2025-03-06,Cleared,\N,3
STG000377,CAN00137,REQ1008,HR Intro Round,2,2025-03-11,Cleared,REC012,3
STG000378,CAN00137,REQ1008,Technical Round 1,3,2025-03-17,Cleared,REC014,4
STG000379,CAN00137,REQ1008,Hiring Manager Round,4,2025-03-24,Cleared,REC009,5
STG000380,CAN00137,REQ1008,Offer Stage,5,2025-03-28,Rejected – Skills,REC009,1
STG000381,CAN00138,REQ1023,Recruiter Screening,1,2024-08-26,Cleared,\N,4
STG000382,CAN00138,REQ1023,HR Intro Round,2,2024-08-30,Rejected – Compensation Mismatch,REC006,3
STG000383,CAN00139,REQ1060,Recruiter Screening,1,2025-02-21,Cleared,\N,4
STG000384,CAN00139,REQ1060,HR Intro Round,2,2025-02-24,Cleared,REC001,4
STG000385,CAN00139,REQ1060,Technical Round 1,3,2025-02-25,Cleared,REC003,3
STG000386,CAN00139,REQ1060,Hiring Manager Round,4,2025-02-26,Cleared,REC010,5
STG000387,CAN00139,REQ1060,Offer Stage,5,2025-02-27,Cleared,REC002,4
STG000388,CAN00140,REQ1014,Recruiter Screening,1,2024-04-22,Cleared,\N,5
STG000389,CAN00140,REQ1014,Profile Submission,2,2024-04-29,On Hold – Panel Unavailable,REC014,\N
STG000390,CAN00141,REQ1030,Recruiter Screening,1,2025-02-26,Rejected – Skills,\N,1
STG000391,CAN00142,REQ1007,Recruiter Screening,1,2024-09-30,Cleared,\N,5
STG000392,CAN00142,REQ1007,Profile Submission,2,2024-10-04,Cleared,REC003,3
STG000393,CAN00142,REQ1007,Technical Round 1,3,2024-10-11,Cleared,REC011,3
STG000394,CAN00142,REQ1007,Technical Round 2,4,2024-10-21,Rejected – Skills,REC014,2
STG000395,CAN00143,REQ1058,Recruiter Screening,1,2024-12-31,Cleared,\N,4
STG000396,CAN00143,REQ1058,HR Intro Round,2,2025-01-03,Cleared,REC009,4
STG000397,CAN00143,REQ1058,Technical Round 1,3,2025-01-06,Cleared,REC007,4
STG000398,CAN00143,REQ1058,Hiring Manager Round,4,2025-01-13,Cleared,REC001,4
STG000399,CAN00143,REQ1058,Offer Stage,5,2025-01-20,Rejected – Skills,REC012,3
STG000400,CAN00144,REQ1055,Recruiter Screening,1,2024-05-09,Cleared,\N,5
STG000401,CAN00144,REQ1055,Profile Submission,2,2024-05-13,Cleared,REC007,4
STG000402,CAN00144,REQ1055,Technical Round 1,3,2024-05-14,Cleared,REC003,3
STG000403,CAN00144,REQ1055,Technical Round 2,4,2024-05-15,Cleared,REC005,5
STG000404,CAN00145,REQ1025,Recruiter Screening,1,2025-01-30,Cleared,\N,5
STG000405,CAN00145,REQ1025,Profile Submission,2,2025-02-06,Cleared,REC005,3
STG000406,CAN00145,REQ1025,Technical Round 1,3,2025-02-10,Rejected – Skills,REC004,2
STG000407,CAN00146,REQ1056,Recruiter Screening,1,2025-05-08,Cleared,\N,3
STG000408,CAN00146,REQ1056,Profile Submission,2,2025-05-15,Cleared,REC011,4
STG000409,CAN00146,REQ1056,Technical Round 1,3,2025-05-19,Cleared,REC008,5
STG000410,CAN00146,REQ1056,Technical Round 2,4,2025-05-26,Cleared,REC002,3
STG000411,CAN00146,REQ1056,System Design Round,5,2025-06-02,Rejected – Skills,REC008,2
STG000412,CAN00147,REQ1016,Recruiter Screening,1,2024-11-04,Cleared,\N,4
STG000413,CAN00147,REQ1016,Profile Submission,2,2024-11-08,Cleared,REC012,3
STG000414,CAN00147,REQ1016,Technical Round 1,3,2024-11-11,Cleared,REC003,4
STG000415,CAN00148,REQ1060,Recruiter Screening,1,2025-03-03,Rejected – Skills,\N,1
STG000416,CAN00149,REQ1053,Recruiter Screening,1,2024-02-09,Rejected – Skills,\N,3
STG000417,CAN00150,REQ1018,Recruiter Screening,1,2024-03-11,Cleared,\N,5
STG000418,CAN00150,REQ1018,Profile Submission,2,2024-03-19,Rejected – Compensation Mismatch,REC009,3
STG000419,CAN00151,REQ1024,Recruiter Screening,1,2024-06-25,Req Cancelled Mid-Process,\N,\N
STG000420,CAN00152,REQ1011,Recruiter Screening,1,2024-02-15,Req Cancelled Mid-Process,\N,\N
STG000421,CAN00153,REQ1041,Recruiter Screening,1,2024-11-04,Cleared,\N,3
STG000422,CAN00153,REQ1041,HR Intro Round,2,2024-11-07,Candidate Ghosted,REC006,\N
STG000423,CAN00154,REQ1042,Recruiter Screening,1,2025-03-03,Cleared,\N,4
STG000424,CAN00154,REQ1042,HR Intro Round,2,2025-03-10,Cleared,REC005,5
STG000425,CAN00154,REQ1042,Technical Round 1,3,2025-03-17,Candidate Ghosted,REC004,\N
STG000426,CAN00155,REQ1039,Recruiter Screening,1,2025-01-06,Rejected – Skills,\N,1
STG000427,CAN00156,REQ1058,Recruiter Screening,1,2025-03-17,Cleared,\N,4
STG000428,CAN00156,REQ1058,HR Intro Round,2,2025-03-25,Cleared,REC004,4
STG000429,CAN00156,REQ1058,Technical Round 1,3,2025-04-01,Cleared,REC004,3
STG000430,CAN00156,REQ1058,Hiring Manager Round,4,2025-04-04,Cleared,REC011,3
STG000431,CAN00156,REQ1058,Offer Stage,5,2025-04-11,Cleared,REC003,3
STG000432,CAN00157,REQ1002,Recruiter Screening,1,2024-12-30,Rejected – Skills,\N,2
STG000433,CAN00158,REQ1020,Recruiter Screening,1,2024-06-03,Cleared,\N,3
STG000434,CAN00158,REQ1020,HR Intro Round,2,2024-06-06,Cleared,REC011,5
STG000435,CAN00158,REQ1020,Technical Round 1,3,2024-06-12,Rejected – Skills,REC008,1
STG000436,CAN00159,REQ1052,Recruiter Screening,1,2024-11-18,Cleared,\N,5
STG000437,CAN00159,REQ1052,Profile Submission,2,2024-11-19,Req Cancelled Mid-Process,REC001,\N
STG000438,CAN00160,REQ1031,Recruiter Screening,1,2024-09-24,Rejected – Skills,\N,3
STG000439,CAN00161,REQ1037,Recruiter Screening,1,2024-08-30,Cleared,\N,5
STG000440,CAN00161,REQ1037,Profile Submission,2,2024-09-09,Cleared,REC007,3
STG000441,CAN00161,REQ1037,Technical Round 1,3,2024-09-10,Rejected – Skills,REC002,2
STG000442,CAN00162,REQ1051,Recruiter Screening,1,2024-05-27,Rejected – Culture Fit,\N,1
STG000443,CAN00163,REQ1022,Recruiter Screening,1,2024-08-12,Cleared,\N,4
STG000444,CAN00163,REQ1022,Profile Submission,2,2024-08-20,Cleared,REC002,5
STG000445,CAN00163,REQ1022,Technical Round 1,3,2024-08-21,Cleared,REC002,3
STG000446,CAN00163,REQ1022,Technical Round 2,4,2024-08-22,Cleared,REC010,5
STG000447,CAN00164,REQ1015,Recruiter Screening,1,2025-02-19,Cleared,\N,3
STG000448,CAN00164,REQ1015,Profile Submission,2,2025-02-24,Cleared,REC015,4
STG000449,CAN00164,REQ1015,Technical Round 1,3,2025-03-03,Cleared,REC010,5
STG000450,CAN00164,REQ1015,Technical Round 2,4,2025-03-06,Rejected – Compensation Mismatch,REC008,3
STG000451,CAN00165,REQ1051,Recruiter Screening,1,2024-05-13,Cleared,\N,5
STG000452,CAN00165,REQ1051,Profile Submission,2,2024-05-17,Cleared,REC002,3
STG000453,CAN00165,REQ1051,Technical Round 1,3,2024-05-22,Cleared,REC004,5
STG000454,CAN00165,REQ1051,Technical Round 2,4,2024-05-29,Req Cancelled Mid-Process,REC012,\N
STG000455,CAN00166,REQ1025,Recruiter Screening,1,2025-01-01,Rejected – Skills,\N,3
STG000456,CAN00167,REQ1044,Recruiter Screening,1,2025-02-20,Cleared,\N,4
STG000457,CAN00167,REQ1044,Profile Submission,2,2025-02-25,Candidate Ghosted,REC013,\N
STG000458,CAN00168,REQ1042,Recruiter Screening,1,2025-05-28,Cleared,\N,4
STG000459,CAN00168,REQ1042,HR Intro Round,2,2025-06-05,Cleared,REC008,3
STG000460,CAN00168,REQ1042,Technical Round 1,3,2025-06-09,Cleared,REC011,3
STG000461,CAN00168,REQ1042,Hiring Manager Round,4,2025-06-17,Cleared,REC009,4
STG000462,CAN00168,REQ1042,Offer Stage,5,2025-06-24,Cleared,REC005,3
STG000463,CAN00169,REQ1040,Recruiter Screening,1,2025-04-25,Rejected – Skills,\N,3
STG000464,CAN00170,REQ1041,Recruiter Screening,1,2024-11-04,Cleared,\N,3
STG000465,CAN00170,REQ1041,HR Intro Round,2,2024-11-12,Candidate Ghosted,REC008,\N
STG000466,CAN00171,REQ1027,Recruiter Screening,1,2025-02-24,Cleared,\N,\N
STG000467,CAN00171,REQ1027,Profile Submission,2,2025-03-03,Cleared,REC003,5
STG000468,CAN00171,REQ1027,Technical Round 1,3,2025-03-06,Cleared,REC001,5
STG000469,CAN00171,REQ1027,Technical Round 2,4,2025-03-13,Cleared,REC008,3
STG000470,CAN00171,REQ1027,Hiring Manager Round,5,2025-03-17,Cleared,REC001,5
STG000471,CAN00171,REQ1027,Offer Stage,6,2025-03-20,Cleared,REC006,3
STG000472,CAN00172,REQ1003,Recruiter Screening,1,2024-07-15,Cleared,\N,5
STG000473,CAN00172,REQ1003,HR Intro Round,2,2024-07-29,Rejected – Culture Fit,REC009,1
STG000474,CAN00173,REQ1023,Recruiter Screening,1,2025-02-14,Cleared,\N,5
STG000475,CAN00173,REQ1023,HR Intro Round,2,2025-02-21,Cleared,REC005,4
STG000476,CAN00173,REQ1023,Technical Round 1,3,2025-02-26,Cleared,REC002,4
STG000477,CAN00173,REQ1023,Hiring Manager Round,4,2025-03-06,Cleared,REC008,4
STG000478,CAN00173,REQ1023,Offer Stage,5,2025-03-14,Cleared,REC006,4
STG000479,CAN00174,REQ1019,Recruiter Screening,1,2024-06-10,Cleared,\N,3
STG000480,CAN00174,REQ1019,Profile Submission,2,2024-06-18,Cleared,REC007,5
STG000481,CAN00174,REQ1019,Technical Round 1,3,2024-06-21,Req Cancelled Mid-Process,REC006,\N
STG000482,CAN00175,REQ1003,Recruiter Screening,1,2024-08-02,Cleared,\N,4
STG000483,CAN00175,REQ1003,HR Intro Round,2,2024-08-05,Candidate Ghosted,REC007,\N
STG000484,CAN00176,REQ1047,Recruiter Screening,1,2024-03-05,Cleared,\N,3
STG000485,CAN00176,REQ1047,Profile Submission,2,2024-03-08,Cleared,REC009,4
STG000486,CAN00176,REQ1047,Technical Round 1,3,2024-03-11,Req Cancelled Mid-Process,REC010,\N
STG000487,CAN00177,REQ1050,Recruiter Screening,1,2024-05-21,Cleared,\N,3
STG000488,CAN00177,REQ1050,HR Intro Round,2,2024-05-24,Cleared,REC014,4
STG000489,CAN00177,REQ1050,Technical Round 1,3,2024-05-30,Cleared,REC009,4
STG000490,CAN00177,REQ1050,Hiring Manager Round,4,2024-06-05,Cleared,REC003,5
STG000491,CAN00177,REQ1050,Offer Stage,5,2024-06-12,Cleared,REC015,5
STG000492,CAN00178,REQ1029,Recruiter Screening,1,2025-03-17,Cleared,\N,5
STG000493,CAN00178,REQ1029,Profile Submission,2,2025-03-21,Cleared,REC012,3
STG000494,CAN00178,REQ1029,Technical Round 1,3,2025-03-27,Rejected – Compensation Mismatch,REC013,1
STG000495,CAN00179,REQ1005,Recruiter Screening,1,2025-02-03,Rejected – Skills,\N,1
STG000496,CAN00180,REQ1015,Recruiter Screening,1,2025-06-24,Cleared,\N,5
STG000497,CAN00180,REQ1015,Profile Submission,2,2025-06-25,Rejected – Skills,REC009,3
STG000498,CAN00181,REQ1025,Recruiter Screening,1,2025-02-14,Cleared,\N,5
STG000499,CAN00181,REQ1025,Profile Submission,2,2025-02-21,Cleared,REC001,3
STG000500,CAN00181,REQ1025,Technical Round 1,3,2025-02-28,Cleared,REC005,4
STG000501,CAN00181,REQ1025,Technical Round 2,4,2025-03-04,Rejected – Skills,REC002,1
STG000502,CAN00182,REQ1004,Recruiter Screening,1,2024-11-04,Cleared,\N,3
STG000503,CAN00182,REQ1004,Profile Submission,2,2024-11-18,Cleared,REC009,3
STG000504,CAN00182,REQ1004,Technical Round 1,3,2024-12-05,Cleared,REC014,4
STG000505,CAN00182,REQ1004,Technical Round 2,4,2024-12-23,Rejected – Culture Fit,REC004,3
STG000506,CAN00183,REQ1031,Recruiter Screening,1,2024-10-03,Cleared,\N,\N
STG000507,CAN00183,REQ1031,Profile Submission,2,2024-10-04,Cleared,REC003,4
STG000508,CAN00183,REQ1031,Technical Round 1,3,2024-10-07,Rejected – Skills,REC009,3
STG000509,CAN00184,REQ1052,Recruiter Screening,1,2024-11-11,Cleared,\N,3
STG000510,CAN00184,REQ1052,Profile Submission,2,2024-11-15,Cleared,REC001,3
STG000511,CAN00184,REQ1052,Technical Round 1,3,2024-11-18,Cleared,REC006,3
STG000512,CAN00184,REQ1052,Technical Round 2,4,2024-11-19,Req Cancelled Mid-Process,REC008,\N
STG000513,CAN00185,REQ1032,Recruiter Screening,1,2025-04-24,Cleared,\N,3
STG000514,CAN00185,REQ1032,Profile Submission,2,2025-04-28,Cleared,REC013,5
STG000515,CAN00185,REQ1032,Technical Round 1,3,2025-05-06,Rejected – Skills,REC012,2
STG000516,CAN00186,REQ1059,Recruiter Screening,1,2025-02-17,Cleared,\N,4
STG000517,CAN00186,REQ1059,HR Intro Round,2,2025-02-21,Cleared,REC012,4
STG000518,CAN00186,REQ1059,Technical Round 1,3,2025-02-27,Cleared,REC003,5
STG000519,CAN00186,REQ1059,Hiring Manager Round,4,2025-03-03,Cleared,REC009,4
STG000520,CAN00186,REQ1059,Offer Stage,5,2025-03-10,Cleared,REC007,5
STG000521,CAN00187,REQ1027,Recruiter Screening,1,2025-03-17,Cleared,\N,3
STG000522,CAN00187,REQ1027,Profile Submission,2,2025-03-24,Cleared,REC002,4
STG000523,CAN00187,REQ1027,Technical Round 1,3,2025-03-25,Cleared,REC003,3
STG000524,CAN00187,REQ1027,Technical Round 2,4,2025-03-26,Cleared,REC001,3
STG000525,CAN00188,REQ1031,Recruiter Screening,1,2024-10-07,Cleared,\N,3
STG000526,CAN00188,REQ1031,Profile Submission,2,2024-10-08,Cleared,REC008,3
STG000527,CAN00189,REQ1033,Recruiter Screening,1,2024-09-23,Cleared,\N,4
STG000528,CAN00189,REQ1033,HR Intro Round,2,2024-09-26,Rejected – Compensation Mismatch,REC002,1
STG000529,CAN00190,REQ1033,Recruiter Screening,1,2024-09-30,Cleared,\N,5
STG000530,CAN00191,REQ1058,Recruiter Screening,1,2025-04-28,Cleared,\N,5
STG000531,CAN00191,REQ1058,HR Intro Round,2,2025-05-05,Cleared,REC009,4
STG000532,CAN00191,REQ1058,Technical Round 1,3,2025-05-12,Rejected – Culture Fit,REC007,3
STG000533,CAN00192,REQ1032,Recruiter Screening,1,2025-06-30,Cleared,\N,4
STG000534,CAN00193,REQ1032,Recruiter Screening,1,2025-04-07,Cleared,\N,5
STG000535,CAN00193,REQ1032,Profile Submission,2,2025-04-14,Rejected – Compensation Mismatch,REC015,3
STG000536,CAN00194,REQ1029,Recruiter Screening,1,2024-07-30,Cleared,\N,4
STG000537,CAN00194,REQ1029,Profile Submission,2,2024-08-02,Cleared,REC012,3
STG000538,CAN00194,REQ1029,Technical Round 1,3,2024-08-05,Rejected – Skills,REC008,1
STG000539,CAN00195,REQ1006,Recruiter Screening,1,2024-05-21,Rejected – Skills,\N,2
STG000540,CAN00196,REQ1047,Recruiter Screening,1,2024-03-01,Req Cancelled Mid-Process,\N,\N
STG000541,CAN00197,REQ1006,Recruiter Screening,1,2024-05-16,Cleared,\N,4
STG000542,CAN00197,REQ1006,Profile Submission,2,2024-05-17,Rejected – Skills,REC004,1
STG000543,CAN00198,REQ1027,Recruiter Screening,1,2025-03-14,Cleared,\N,4
STG000544,CAN00198,REQ1027,Profile Submission,2,2025-03-17,Cleared,REC003,5
STG000545,CAN00198,REQ1027,Technical Round 1,3,2025-03-21,Cleared,REC011,4
STG000546,CAN00198,REQ1027,Technical Round 2,4,2025-03-24,Cleared,REC009,5
STG000547,CAN00198,REQ1027,Hiring Manager Round,5,2025-03-25,Cleared,REC006,4
STG000548,CAN00198,REQ1027,Offer Stage,6,2025-03-26,Rejected – Compensation Mismatch,REC007,3
STG000549,CAN00199,REQ1039,Recruiter Screening,1,2025-01-06,Cleared,\N,4
STG000550,CAN00199,REQ1039,Profile Submission,2,2025-01-13,Cleared,REC004,3
STG000551,CAN00199,REQ1039,Technical Round 1,3,2025-01-21,Cleared,REC002,3
STG000552,CAN00199,REQ1039,Technical Round 2,4,2025-01-22,Cleared,REC014,3
STG000553,CAN00199,REQ1039,System Design Round,5,2025-01-27,Cleared,REC005,3
STG000554,CAN00200,REQ1018,Recruiter Screening,1,2024-03-11,Cleared,\N,5
STG000555,CAN00200,REQ1018,Profile Submission,2,2024-03-19,On Hold – Panel Unavailable,REC012,\N
STG000556,CAN00201,REQ1002,Recruiter Screening,1,2024-12-02,Cleared,\N,5
STG000557,CAN00201,REQ1002,Profile Submission,2,2024-12-16,Cleared,REC002,3
STG000558,CAN00201,REQ1002,Technical Round 1,3,2025-01-01,Cleared,REC006,5
STG000559,CAN00201,REQ1002,Technical Round 2,4,2025-01-02,Cleared,REC007,5
STG000560,CAN00201,REQ1002,System Design Round,5,2025-01-03,Interview No-Show,REC009,\N
STG000561,CAN00202,REQ1044,Recruiter Screening,1,2025-02-03,Rejected – Skills,\N,3
STG000562,CAN00203,REQ1051,Recruiter Screening,1,2024-05-20,Req Cancelled Mid-Process,\N,\N
STG000563,CAN00204,REQ1054,Recruiter Screening,1,2025-01-31,Cleared,\N,3
STG000564,CAN00204,REQ1054,Profile Submission,2,2025-02-07,Candidate Ghosted,REC004,\N
STG000565,CAN00205,REQ1016,Recruiter Screening,1,2024-11-05,Cleared,\N,3
STG000566,CAN00205,REQ1016,Profile Submission,2,2024-11-11,Cleared,REC015,4
STG000567,CAN00206,REQ1043,Recruiter Screening,1,2024-03-20,Cleared,\N,4
STG000568,CAN00206,REQ1043,Profile Submission,2,2024-03-28,Rejected – Skills,REC007,1
STG000569,CAN00207,REQ1002,Recruiter Screening,1,2024-12-27,Rejected – Skills,\N,2
STG000570,CAN00208,REQ1047,Recruiter Screening,1,2024-02-22,Rejected – Skills,\N,3
STG000571,CAN00209,REQ1032,Recruiter Screening,1,2025-03-06,Cleared,\N,5
STG000572,CAN00209,REQ1032,Profile Submission,2,2025-03-10,Cleared,REC006,3
STG000573,CAN00209,REQ1032,Technical Round 1,3,2025-03-13,Rejected – Skills,REC014,3
STG000574,CAN00210,REQ1059,Recruiter Screening,1,2025-03-10,Cleared,\N,3
STG000575,CAN00210,REQ1059,HR Intro Round,2,2025-03-17,Rejected – Compensation Mismatch,REC004,3
STG000576,CAN00211,REQ1021,Recruiter Screening,1,2024-11-18,Rejected – Skills,\N,2
STG000577,CAN00212,REQ1058,Recruiter Screening,1,2025-05-26,Rejected – Skills,\N,3
STG000578,CAN00213,REQ1024,Recruiter Screening,1,2024-07-01,Req Cancelled Mid-Process,\N,\N
STG000579,CAN00214,REQ1032,Recruiter Screening,1,2025-06-17,Cleared,\N,4
STG000580,CAN00214,REQ1032,Profile Submission,2,2025-06-23,Cleared,REC012,3
STG000581,CAN00214,REQ1032,Technical Round 1,3,2025-06-30,Rejected – Compensation Mismatch,REC008,3
STG000582,CAN00215,REQ1022,Recruiter Screening,1,2024-08-22,Cleared,\N,3
STG000583,CAN00216,REQ1006,Recruiter Screening,1,2024-05-24,Cleared,\N,3
STG000584,CAN00216,REQ1006,Profile Submission,2,2024-05-27,Rejected – Skills,REC010,3
STG000585,CAN00217,REQ1001,Recruiter Screening,1,2025-04-28,Cleared,\N,5
STG000586,CAN00217,REQ1001,Profile Submission,2,2025-05-08,Cleared,REC005,4
STG000587,CAN00217,REQ1001,Technical Round 1,3,2025-05-20,Cleared,REC001,3
STG000588,CAN00217,REQ1001,Technical Round 2,4,2025-06-03,Cleared,REC009,4
STG000589,CAN00217,REQ1001,Hiring Manager Round,5,2025-06-13,Cleared,REC010,3
STG000590,CAN00217,REQ1001,Offer Stage,6,2025-06-30,Cleared,REC010,5
STG000591,CAN00218,REQ1017,Recruiter Screening,1,2024-10-28,Cleared,\N,4
STG000592,CAN00218,REQ1017,Profile Submission,2,2024-10-31,Cleared,REC003,3
STG000593,CAN00218,REQ1017,Technical Round 1,3,2024-11-08,Cleared,REC010,5
STG000594,CAN00218,REQ1017,Technical Round 2,4,2024-11-15,Rejected – Skills,REC012,2
STG000595,CAN00219,REQ1049,Recruiter Screening,1,2025-01-21,Rejected – Skills,\N,2
STG000596,CAN00220,REQ1046,Recruiter Screening,1,2024-12-23,Cleared,\N,3
STG000597,CAN00220,REQ1046,Profile Submission,2,2024-12-30,Rejected – Skills,REC008,1
STG000598,CAN00221,REQ1041,Recruiter Screening,1,2025-02-11,Cleared,\N,5
STG000599,CAN00221,REQ1041,HR Intro Round,2,2025-02-17,Cleared,REC004,5
STG000600,CAN00221,REQ1041,Technical Round 1,3,2025-02-25,Cleared,REC001,3
STG000601,CAN00221,REQ1041,Hiring Manager Round,4,2025-03-03,Cleared,REC013,3
STG000602,CAN00221,REQ1041,Offer Stage,5,2025-03-10,On Hold – Panel Unavailable,REC007,\N
STG000603,CAN00222,REQ1013,Recruiter Screening,1,2024-11-01,Cleared,\N,3
STG000604,CAN00222,REQ1013,Profile Submission,2,2024-11-06,Cleared,REC002,3
STG000605,CAN00222,REQ1013,Technical Round 1,3,2024-11-14,Cleared,REC010,5
STG000606,CAN00222,REQ1013,Technical Round 2,4,2024-11-18,Rejected – Skills,REC015,2
STG000607,CAN00223,REQ1026,Recruiter Screening,1,2024-09-12,Rejected – Skills,\N,2
STG000608,CAN00224,REQ1008,Recruiter Screening,1,2025-03-05,Cleared,\N,4
STG000609,CAN00224,REQ1008,HR Intro Round,2,2025-03-10,Cleared,REC006,3
STG000610,CAN00224,REQ1008,Technical Round 1,3,2025-03-17,Cleared,REC010,5
STG000611,CAN00224,REQ1008,Hiring Manager Round,4,2025-03-24,Cleared,REC012,4
STG000612,CAN00224,REQ1008,Offer Stage,5,2025-03-31,Cleared,REC008,3
STG000613,CAN00225,REQ1051,Recruiter Screening,1,2024-05-17,Req Cancelled Mid-Process,\N,\N
STG000614,CAN00226,REQ1046,Recruiter Screening,1,2025-02-11,Cleared,\N,4
STG000615,CAN00226,REQ1046,Profile Submission,2,2025-02-12,Rejected – Culture Fit,REC015,2
STG000616,CAN00227,REQ1026,Recruiter Screening,1,2024-09-11,Cleared,\N,5
STG000617,CAN00227,REQ1026,Profile Submission,2,2024-09-12,Cleared,REC009,4
STG000618,CAN00227,REQ1026,Technical Round 1,3,2024-09-13,Rejected – Skills,REC003,2
STG000619,CAN00228,REQ1024,Recruiter Screening,1,2024-06-18,Cleared,\N,5
STG000620,CAN00228,REQ1024,Profile Submission,2,2024-06-24,Cleared,REC009,4
STG000621,CAN00228,REQ1024,Technical Round 1,3,2024-07-01,Req Cancelled Mid-Process,REC001,\N
STG000622,CAN00229,REQ1045,Recruiter Screening,1,2024-03-18,Cleared,\N,3
STG000623,CAN00229,REQ1045,Profile Submission,2,2024-04-05,Cleared,REC010,4
STG000624,CAN00229,REQ1045,Technical Round 1,3,2024-04-17,Cleared,REC008,5
STG000625,CAN00229,REQ1045,Technical Round 2,4,2024-04-29,Cleared,REC013,5
STG000626,CAN00229,REQ1045,System Design Round,5,2024-05-16,Cleared,REC014,3
STG000627,CAN00229,REQ1045,Panel Round,6,2024-05-30,Rejected – Compensation Mismatch,REC015,3
STG000628,CAN00230,REQ1002,Recruiter Screening,1,2024-12-02,Cleared,\N,4
STG000629,CAN00230,REQ1002,Profile Submission,2,2024-12-16,Cleared,REC013,5
STG000630,CAN00230,REQ1002,Technical Round 1,3,2024-12-27,Cleared,REC009,4
STG000631,CAN00230,REQ1002,Technical Round 2,4,2024-12-30,Cleared,REC004,5
STG000632,CAN00230,REQ1002,System Design Round,5,2024-12-31,Cleared,REC006,3
STG000633,CAN00230,REQ1002,Panel Round,6,2025-01-01,Rejected – Compensation Mismatch,REC010,2
STG000634,CAN00231,REQ1043,Recruiter Screening,1,2024-03-28,Cleared,\N,5
STG000635,CAN00231,REQ1043,Profile Submission,2,2024-04-01,Rejected – Compensation Mismatch,REC002,2
STG000636,CAN00232,REQ1001,Recruiter Screening,1,2025-06-23,Rejected – Skills,\N,3
STG000637,CAN00233,REQ1009,Recruiter Screening,1,2025-05-08,Cleared,\N,5
STG000638,CAN00233,REQ1009,Profile Submission,2,2025-05-13,Cleared,REC005,5
STG000639,CAN00233,REQ1009,Technical Round 1,3,2025-05-19,Cleared,REC010,3
STG000640,CAN00233,REQ1009,Technical Round 2,4,2025-05-22,Cleared,REC014,3
STG000641,CAN00233,REQ1009,System Design Round,5,2025-05-27,Cleared,REC001,3
STG000642,CAN00233,REQ1009,Panel Round,6,2025-06-04,Cleared,REC014,3
STG000643,CAN00233,REQ1009,Offer Stage,7,2025-06-09,Rejected – Culture Fit,REC010,3
STG000644,CAN00234,REQ1053,Recruiter Screening,1,2024-02-23,Cleared,\N,3
STG000645,CAN00234,REQ1053,HR Intro Round,2,2024-03-01,Cleared,REC003,4
STG000646,CAN00234,REQ1053,Technical Round 1,3,2024-03-04,On Hold – Panel Unavailable,REC011,\N
STG000647,CAN00235,REQ1022,Recruiter Screening,1,2024-07-15,Rejected – Skills,\N,1
STG000648,CAN00236,REQ1057,Recruiter Screening,1,2025-03-21,Cleared,\N,4
STG000649,CAN00236,REQ1057,Profile Submission,2,2025-03-26,Cleared,REC010,3
STG000650,CAN00236,REQ1057,Technical Round 1,3,2025-04-01,Rejected – Culture Fit,REC005,3
STG000651,CAN00237,REQ1053,Recruiter Screening,1,2024-03-04,Cleared,\N,5
STG000652,CAN00238,REQ1002,Recruiter Screening,1,2024-12-23,Cleared,\N,3
STG000653,CAN00238,REQ1002,Profile Submission,2,2024-12-24,Cleared,REC002,5
STG000654,CAN00238,REQ1002,Technical Round 1,3,2024-12-25,Rejected – Skills,REC015,1
STG000655,CAN00239,REQ1007,Recruiter Screening,1,2024-10-18,Cleared,\N,4
STG000656,CAN00239,REQ1007,Profile Submission,2,2024-10-21,Cleared,REC012,5
STG000657,CAN00240,REQ1016,Recruiter Screening,1,2024-10-22,Rejected – Skills,\N,2
STG000658,CAN00241,REQ1014,Recruiter Screening,1,2024-03-21,Cleared,\N,3
STG000659,CAN00241,REQ1014,Profile Submission,2,2024-03-29,Cleared,REC012,5
STG000660,CAN00241,REQ1014,Technical Round 1,3,2024-04-02,Cleared,REC005,3
STG000661,CAN00241,REQ1014,Technical Round 2,4,2024-04-10,Cleared,REC014,5
STG000662,CAN00241,REQ1014,System Design Round,5,2024-04-15,Cleared,REC010,3
STG000663,CAN00241,REQ1014,Panel Round,6,2024-04-19,Rejected – Culture Fit,REC013,2
STG000664,CAN00242,REQ1016,Recruiter Screening,1,2024-10-31,Rejected – Skills,\N,2
STG000665,CAN00243,REQ1040,Recruiter Screening,1,2025-02-17,Cleared,\N,4
STG000666,CAN00243,REQ1040,Profile Submission,2,2025-02-24,Cleared,REC001,4
STG000667,CAN00243,REQ1040,Technical Round 1,3,2025-03-03,Rejected – Compensation Mismatch,REC006,3
STG000668,CAN00244,REQ1060,Recruiter Screening,1,2025-02-10,Cleared,\N,5
STG000669,CAN00244,REQ1060,HR Intro Round,2,2025-02-26,Cleared,REC012,3
STG000670,CAN00244,REQ1060,Technical Round 1,3,2025-02-27,Cleared,REC006,3
STG000671,CAN00244,REQ1060,Hiring Manager Round,4,2025-02-28,Cleared,REC001,3
STG000672,CAN00244,REQ1060,Offer Stage,5,2025-03-03,Cleared,REC006,4
STG000673,CAN00245,REQ1056,Recruiter Screening,1,2025-06-23,Cleared,\N,5
STG000674,CAN00245,REQ1056,Profile Submission,2,2025-06-30,Rejected – Culture Fit,REC012,1
STG000675,CAN00246,REQ1037,Recruiter Screening,1,2024-08-16,Cleared,\N,4
STG000676,CAN00246,REQ1037,Profile Submission,2,2024-08-30,Cleared,REC007,3
STG000677,CAN00246,REQ1037,Technical Round 1,3,2024-09-16,Cleared,REC003,4
STG000678,CAN00246,REQ1037,Technical Round 2,4,2024-09-17,Cleared,REC010,3
STG000679,CAN00246,REQ1037,Technical Round 3,5,2024-09-18,Cleared,REC009,3
STG000680,CAN00247,REQ1044,Recruiter Screening,1,2025-01-02,Cleared,\N,4
STG000681,CAN00247,REQ1044,Profile Submission,2,2025-01-06,Candidate Withdrew,REC003,\N
STG000682,CAN00248,REQ1048,Recruiter Screening,1,2024-04-29,Cleared,\N,4
STG000683,CAN00248,REQ1048,HR Intro Round,2,2024-05-06,Cleared,REC009,3
STG000684,CAN00248,REQ1048,Technical Round 1,3,2024-05-10,Cleared,REC002,4
STG000685,CAN00248,REQ1048,Hiring Manager Round,4,2024-05-17,Cleared,REC006,\N
STG000686,CAN00248,REQ1048,Offer Stage,5,2024-05-27,Cleared,REC002,5
STG000687,CAN00249,REQ1038,Recruiter Screening,1,2025-03-31,Cleared,\N,5
STG000688,CAN00249,REQ1038,Profile Submission,2,2025-04-07,Rejected – Skills,REC001,1
STG000689,CAN00250,REQ1059,Recruiter Screening,1,2025-03-19,Rejected – Skills,\N,2
STG000690,CAN00251,REQ1021,Recruiter Screening,1,2025-01-30,Cleared,\N,5
STG000691,CAN00251,REQ1021,Profile Submission,2,2025-02-03,Rejected – Skills,REC001,1
STG000692,CAN00252,REQ1027,Recruiter Screening,1,2025-03-21,Cleared,\N,5
STG000693,CAN00252,REQ1027,Profile Submission,2,2025-03-24,Rejected – Compensation Mismatch,REC008,1
STG000694,CAN00253,REQ1010,Recruiter Screening,1,2024-11-15,Cleared,\N,4
STG000695,CAN00253,REQ1010,Profile Submission,2,2024-11-25,Cleared,REC010,5
STG000696,CAN00253,REQ1010,Technical Round 1,3,2024-12-02,Cleared,REC013,3
STG000697,CAN00253,REQ1010,Technical Round 2,4,2024-12-05,Cleared,REC005,3
STG000698,CAN00253,REQ1010,Hiring Manager Round,5,2024-12-09,Rejected – Skills,REC009,2
STG000699,CAN00254,REQ1048,Recruiter Screening,1,2024-05-24,Cleared,\N,4
STG000700,CAN00254,REQ1048,HR Intro Round,2,2024-05-27,Cleared,REC012,3
STG000701,CAN00254,REQ1048,Technical Round 1,3,2024-05-28,Cleared,REC013,5
STG000702,CAN00255,REQ1026,Recruiter Screening,1,2024-08-05,Cleared,\N,3
STG000703,CAN00255,REQ1026,Profile Submission,2,2024-08-22,Cleared,REC006,4
STG000704,CAN00255,REQ1026,Technical Round 1,3,2024-09-09,Cleared,REC009,3
STG000705,CAN00255,REQ1026,Technical Round 2,4,2024-09-10,Cleared,REC009,5
STG000706,CAN00255,REQ1026,System Design Round,5,2024-09-11,Cleared,REC005,3
STG000707,CAN00255,REQ1026,Panel Round,6,2024-09-12,Cleared,REC014,5
STG000708,CAN00255,REQ1026,Culture Fit Round,7,2024-09-13,Cleared,REC001,3
STG000709,CAN00255,REQ1026,Offer Stage,8,2024-09-16,Cleared,REC010,4
STG000710,CAN00256,REQ1013,Recruiter Screening,1,2024-10-24,Cleared,\N,3
STG000711,CAN00256,REQ1013,Profile Submission,2,2024-10-29,Cleared,REC014,4
STG000712,CAN00256,REQ1013,Technical Round 1,3,2024-11-04,Cleared,REC010,4
STG000713,CAN00256,REQ1013,Technical Round 2,4,2024-11-11,Cleared,REC015,3
STG000714,CAN00256,REQ1013,Technical Round 3,5,2024-11-18,Cleared,REC008,3
STG000715,CAN00256,REQ1013,System Design Round,6,2024-11-26,Cleared,REC004,4
STG000716,CAN00256,REQ1013,Panel Round,7,2024-12-02,Cleared,REC005,3
STG000717,CAN00256,REQ1013,Founder/CXO Round,8,2024-12-06,Cleared,REC003,4
STG000718,CAN00256,REQ1013,Reference Check,9,2024-12-09,Cleared,REC013,3
STG000719,CAN00257,REQ1057,Recruiter Screening,1,2025-04-21,Rejected – Skills,\N,2
STG000720,CAN00258,REQ1027,Recruiter Screening,1,2025-03-12,Cleared,\N,5
STG000721,CAN00258,REQ1027,Profile Submission,2,2025-03-17,Rejected – Culture Fit,REC001,2
STG000722,CAN00259,REQ1050,Recruiter Screening,1,2024-06-10,Cleared,\N,5
STG000723,CAN00259,REQ1050,HR Intro Round,2,2024-06-13,Cleared,REC003,3
STG000724,CAN00259,REQ1050,Technical Round 1,3,2024-06-18,Cleared,REC001,3
STG000725,CAN00259,REQ1050,Hiring Manager Round,4,2024-06-24,Cleared,REC014,4
STG000726,CAN00260,REQ1049,Recruiter Screening,1,2025-05-08,Cleared,\N,5
STG000727,CAN00260,REQ1049,HR Intro Round,2,2025-05-12,Cleared,REC001,5
STG000728,CAN00260,REQ1049,Technical Round 1,3,2025-05-19,Cleared,REC009,5
STG000729,CAN00260,REQ1049,Hiring Manager Round,4,2025-05-26,Rejected – Skills,REC010,1
STG000730,CAN00261,REQ1032,Recruiter Screening,1,2025-02-10,Cleared,\N,4
STG000731,CAN00261,REQ1032,Profile Submission,2,2025-02-17,Cleared,REC009,3
STG000732,CAN00261,REQ1032,Technical Round 1,3,2025-02-25,Rejected – Culture Fit,REC004,2
STG000733,CAN00262,REQ1008,Recruiter Screening,1,2025-04-07,Rejected – Skills,\N,2
STG000734,CAN00263,REQ1037,Recruiter Screening,1,2024-07-29,Cleared,\N,5
STG000735,CAN00263,REQ1037,Profile Submission,2,2024-08-12,Cleared,REC012,5
STG000736,CAN00263,REQ1037,Technical Round 1,3,2024-08-23,Cleared,REC002,3
STG000737,CAN00263,REQ1037,Technical Round 2,4,2024-09-09,Rejected – Compensation Mismatch,REC002,1
STG000738,CAN00264,REQ1002,Recruiter Screening,1,2024-11-18,Cleared,\N,5
STG000739,CAN00264,REQ1002,Profile Submission,2,2024-12-02,Cleared,REC011,5
STG000740,CAN00264,REQ1002,Technical Round 1,3,2024-12-12,Cleared,REC014,3
STG000741,CAN00264,REQ1002,Technical Round 2,4,2024-12-30,Cleared,REC011,4
STG000742,CAN00264,REQ1002,System Design Round,5,2024-12-31,Cleared,REC014,5
STG000743,CAN00264,REQ1002,Panel Round,6,2025-01-01,Cleared,REC015,3
STG000744,CAN00264,REQ1002,Culture Fit Round,7,2025-01-02,Cleared,REC006,4
STG000745,CAN00264,REQ1002,Offer Stage,8,2025-01-03,Rejected – Culture Fit,REC005,2
STG000746,CAN00265,REQ1016,Recruiter Screening,1,2024-10-25,Rejected – Skills,\N,3
STG000747,CAN00266,REQ1009,Recruiter Screening,1,2024-07-08,Cleared,\N,5
STG000748,CAN00266,REQ1009,Profile Submission,2,2024-07-16,Cleared,REC003,4
STG000749,CAN00266,REQ1009,Technical Round 1,3,2024-07-22,Cleared,REC005,5
STG000750,CAN00266,REQ1009,Technical Round 2,4,2024-07-25,Rejected – Compensation Mismatch,REC013,2
STG000751,CAN00267,REQ1002,Recruiter Screening,1,2024-12-16,Cleared,\N,5
STG000752,CAN00267,REQ1002,Profile Submission,2,2024-12-30,Rejected – Skills,REC006,2
STG000753,CAN00268,REQ1058,Recruiter Screening,1,2025-05-13,Cleared,\N,4
STG000754,CAN00268,REQ1058,HR Intro Round,2,2025-05-16,Cleared,REC010,3
STG000755,CAN00268,REQ1058,Technical Round 1,3,2025-05-23,Cleared,REC004,4
STG000756,CAN00268,REQ1058,Hiring Manager Round,4,2025-05-26,Cleared,REC011,5
STG000757,CAN00268,REQ1058,Offer Stage,5,2025-05-29,Candidate Ghosted,REC007,\N
STG000758,CAN00269,REQ1057,Recruiter Screening,1,2025-03-28,Cleared,\N,4
STG000759,CAN00269,REQ1057,Profile Submission,2,2025-04-02,Cleared,REC008,4
STG000760,CAN00269,REQ1057,Technical Round 1,3,2025-04-09,Cleared,REC012,4
STG000761,CAN00269,REQ1057,Technical Round 2,4,2025-04-15,Rejected – Culture Fit,REC015,3
STG000762,CAN00270,REQ1011,Recruiter Screening,1,2024-03-04,Req Cancelled Mid-Process,\N,\N
STG000763,CAN00271,REQ1047,Recruiter Screening,1,2024-02-26,Cleared,\N,4
STG000764,CAN00271,REQ1047,Profile Submission,2,2024-03-05,Candidate Ghosted,REC004,\N
STG000765,CAN00272,REQ1049,Recruiter Screening,1,2025-04-21,Cleared,\N,3
STG000766,CAN00272,REQ1049,HR Intro Round,2,2025-04-24,Cleared,REC014,5
STG000767,CAN00272,REQ1049,Technical Round 1,3,2025-05-02,Cleared,REC007,4
STG000768,CAN00272,REQ1049,Hiring Manager Round,4,2025-05-06,Cleared,REC001,3
STG000769,CAN00272,REQ1049,Offer Stage,5,2025-05-09,Rejected – Skills,REC010,1
STG000770,CAN00273,REQ1014,Recruiter Screening,1,2024-05-20,Cleared,\N,3
STG000771,CAN00273,REQ1014,Profile Submission,2,2024-05-27,Cleared,REC008,4
STG000772,CAN00273,REQ1014,Technical Round 1,3,2024-06-04,Cleared,REC006,4
STG000773,CAN00273,REQ1014,Technical Round 2,4,2024-06-10,Rejected – Skills,REC005,1
STG000774,CAN00274,REQ1054,Recruiter Screening,1,2024-04-22,Cleared,\N,5
STG000775,CAN00274,REQ1054,Profile Submission,2,2024-04-29,Cleared,REC002,4
STG000776,CAN00274,REQ1054,Technical Round 1,3,2024-05-06,Cleared,REC003,3
STG000777,CAN00274,REQ1054,Technical Round 2,4,2024-05-13,Cleared,REC006,4
STG000778,CAN00274,REQ1054,System Design Round,5,2024-05-17,Cleared,REC014,3
STG000779,CAN00274,REQ1054,Panel Round,6,2024-05-21,Rejected – Culture Fit,REC014,3
STG000780,CAN00275,REQ1040,Recruiter Screening,1,2025-05-19,Cleared,\N,4
STG000781,CAN00275,REQ1040,Profile Submission,2,2025-05-26,Cleared,REC012,3
STG000782,CAN00275,REQ1040,Technical Round 1,3,2025-06-02,Cleared,REC003,3
STG000783,CAN00275,REQ1040,Technical Round 2,4,2025-06-10,Cleared,REC004,3
STG000784,CAN00275,REQ1040,System Design Round,5,2025-06-16,Interview No-Show,REC007,\N
STG000785,CAN00276,REQ1023,Recruiter Screening,1,2024-09-12,Cleared,\N,5
STG000786,CAN00276,REQ1023,HR Intro Round,2,2024-09-16,Cleared,REC002,3
STG000787,CAN00276,REQ1023,Technical Round 1,3,2024-09-23,Cleared,REC015,3
STG000788,CAN00276,REQ1023,Hiring Manager Round,4,2024-09-30,Cleared,REC011,3
STG000789,CAN00276,REQ1023,Offer Stage,5,2024-10-07,Cleared,REC005,5
STG000790,CAN00277,REQ1029,Recruiter Screening,1,2025-02-24,Cleared,\N,3
STG000791,CAN00277,REQ1029,Profile Submission,2,2025-03-03,Cleared,REC015,3
STG000792,CAN00277,REQ1029,Technical Round 1,3,2025-03-10,Rejected – Compensation Mismatch,REC010,3
STG000793,CAN00278,REQ1032,Recruiter Screening,1,2025-05-16,Cleared,\N,4
STG000794,CAN00278,REQ1032,Profile Submission,2,2025-05-19,Cleared,REC013,4
STG000795,CAN00278,REQ1032,Technical Round 1,3,2025-05-26,Rejected – Skills,REC002,1
STG000796,CAN00279,REQ1045,Recruiter Screening,1,2025-06-13,Cleared,\N,4
STG000797,CAN00279,REQ1045,Profile Submission,2,2025-06-26,Rejected – Compensation Mismatch,REC011,2
STG000798,CAN00280,REQ1019,Recruiter Screening,1,2024-06-03,Cleared,\N,4
STG000799,CAN00280,REQ1019,Profile Submission,2,2024-06-11,Cleared,REC002,3
STG000800,CAN00280,REQ1019,Technical Round 1,3,2024-06-17,Cleared,REC002,4
STG000801,CAN00280,REQ1019,Technical Round 2,4,2024-06-21,Rejected – Skills,REC013,3
STG000802,CAN00281,REQ1017,Recruiter Screening,1,2024-11-25,Cleared,\N,3
STG000803,CAN00282,REQ1051,Recruiter Screening,1,2024-05-27,Req Cancelled Mid-Process,\N,\N
STG000804,CAN00283,REQ1024,Recruiter Screening,1,2024-06-26,Req Cancelled Mid-Process,\N,\N
STG000805,CAN00284,REQ1034,Recruiter Screening,1,2024-10-28,Cleared,\N,4
STG000806,CAN00284,REQ1034,Profile Submission,2,2024-10-29,Cleared,REC001,5
STG000807,CAN00285,REQ1046,Recruiter Screening,1,2024-12-20,Cleared,\N,4
STG000808,CAN00285,REQ1046,Profile Submission,2,2024-12-30,Cleared,REC012,4
STG000809,CAN00285,REQ1046,Technical Round 1,3,2025-01-06,Cleared,REC008,5
STG000810,CAN00285,REQ1046,Technical Round 2,4,2025-01-14,Cleared,REC008,4
STG000811,CAN00285,REQ1046,System Design Round,5,2025-01-21,Rejected – Compensation Mismatch,REC005,2
STG000812,CAN00286,REQ1022,Recruiter Screening,1,2024-08-12,Cleared,\N,4
STG000813,CAN00286,REQ1022,Profile Submission,2,2024-08-19,Rejected – Skills,REC006,3
STG000814,CAN00287,REQ1049,Recruiter Screening,1,2025-02-03,Cleared,\N,5
STG000815,CAN00287,REQ1049,HR Intro Round,2,2025-02-06,Rejected – Culture Fit,REC001,1
STG000816,CAN00288,REQ1026,Recruiter Screening,1,2024-07-15,Cleared,\N,3
STG000817,CAN00288,REQ1026,Profile Submission,2,2024-07-30,Cleared,REC002,5
STG000818,CAN00288,REQ1026,Technical Round 1,3,2024-08-16,Cleared,REC008,4
STG000819,CAN00288,REQ1026,Technical Round 2,4,2024-09-03,Rejected – Culture Fit,REC010,1
STG000820,CAN00289,REQ1054,Recruiter Screening,1,2025-02-10,Cleared,\N,5
STG000821,CAN00289,REQ1054,Profile Submission,2,2025-02-17,Rejected – Skills,REC012,1
STG000822,CAN00290,REQ1040,Recruiter Screening,1,2025-04-28,Cleared,\N,4
STG000823,CAN00290,REQ1040,Profile Submission,2,2025-05-05,Rejected – Skills,REC006,3
STG000824,CAN00291,REQ1034,Recruiter Screening,1,2024-10-03,Cleared,\N,3
STG000825,CAN00291,REQ1034,Profile Submission,2,2024-10-10,Cleared,REC008,5
STG000826,CAN00291,REQ1034,Technical Round 1,3,2024-10-15,Candidate Ghosted,REC009,\N
STG000827,CAN00292,REQ1015,Recruiter Screening,1,2025-05-30,Cleared,\N,4
STG000828,CAN00292,REQ1015,Profile Submission,2,2025-06-05,Cleared,REC011,3
STG000829,CAN00292,REQ1015,Technical Round 1,3,2025-06-09,Rejected – Culture Fit,REC011,2
STG000830,CAN00293,REQ1059,Recruiter Screening,1,2025-03-03,Cleared,\N,4
STG000831,CAN00293,REQ1059,HR Intro Round,2,2025-03-10,On Hold – Panel Unavailable,REC007,\N
STG000832,CAN00294,REQ1048,Recruiter Screening,1,2024-05-08,Cleared,\N,5
STG000833,CAN00294,REQ1048,HR Intro Round,2,2024-05-14,Rejected – Skills,REC006,1
STG000834,CAN00295,REQ1042,Recruiter Screening,1,2025-05-27,Rejected – Skills,\N,3
STG000835,CAN00296,REQ1016,Recruiter Screening,1,2024-11-04,Cleared,\N,4
STG000836,CAN00296,REQ1016,Profile Submission,2,2024-11-11,Rejected – Skills,REC012,3
STG000837,CAN00297,REQ1060,Recruiter Screening,1,2025-02-18,Cleared,\N,4
STG000838,CAN00297,REQ1060,HR Intro Round,2,2025-02-19,Cleared,REC009,4
STG000839,CAN00297,REQ1060,Technical Round 1,3,2025-02-20,Cleared,REC015,4
STG000840,CAN00297,REQ1060,Hiring Manager Round,4,2025-03-04,Cleared,REC001,4
STG000841,CAN00298,REQ1045,Recruiter Screening,1,2024-09-23,Rejected – Skills,\N,2
STG000842,CAN00299,REQ1046,Recruiter Screening,1,2025-01-13,Rejected – Skills,\N,3
STG000843,CAN00300,REQ1045,Recruiter Screening,1,2024-02-28,Rejected – Skills,\N,2
STG000844,CAN00301,REQ1052,Recruiter Screening,1,2024-11-12,Cleared,\N,3
STG000845,CAN00301,REQ1052,Profile Submission,2,2024-11-15,Cleared,REC003,5
STG000846,CAN00301,REQ1052,Technical Round 1,3,2024-11-18,Req Cancelled Mid-Process,REC011,\N
STG000847,CAN00302,REQ1006,Recruiter Screening,1,2024-05-21,Rejected – Skills,\N,2
STG000848,CAN00303,REQ1036,Recruiter Screening,1,2024-09-09,Cleared,\N,3
STG000849,CAN00303,REQ1036,Profile Submission,2,2024-09-16,Rejected – Culture Fit,REC004,3
STG000850,CAN00304,REQ1042,Recruiter Screening,1,2024-03-18,Cleared,\N,4
STG000851,CAN00304,REQ1042,HR Intro Round,2,2024-03-25,Cleared,REC006,3
STG000852,CAN00304,REQ1042,Technical Round 1,3,2024-03-29,Rejected – Compensation Mismatch,REC009,3
STG000853,CAN00305,REQ1036,Recruiter Screening,1,2024-09-27,Cleared,\N,4
STG000854,CAN00305,REQ1036,Profile Submission,2,2024-09-30,Rejected – Skills,REC014,2
STG000855,CAN00306,REQ1006,Recruiter Screening,1,2024-05-21,Cleared,\N,4
STG000856,CAN00306,REQ1006,Profile Submission,2,2024-05-22,Cleared,REC010,4
STG000857,CAN00306,REQ1006,Technical Round 1,3,2024-05-23,Cleared,REC012,4
STG000858,CAN00306,REQ1006,Technical Round 2,4,2024-05-24,Rejected – Skills,REC007,3
STG000859,CAN00307,REQ1024,Recruiter Screening,1,2024-06-17,Rejected – Skills,\N,3
STG000860,CAN00308,REQ1001,Recruiter Screening,1,2025-01-22,Cleared,\N,3
STG000861,CAN00308,REQ1001,Profile Submission,2,2025-02-03,Cleared,REC015,4
STG000862,CAN00308,REQ1001,Technical Round 1,3,2025-02-20,Cleared,REC007,5
STG000863,CAN00308,REQ1001,Technical Round 2,4,2025-03-04,Cleared,REC008,3
STG000864,CAN00308,REQ1001,Hiring Manager Round,5,2025-03-18,Rejected – Skills,REC015,2
STG000865,CAN00309,REQ1037,Recruiter Screening,1,2024-09-04,Cleared,\N,\N
STG000866,CAN00309,REQ1037,Profile Submission,2,2024-09-16,Cleared,REC013,5
STG000867,CAN00309,REQ1037,Technical Round 1,3,2024-09-17,Cleared,REC003,3
STG000868,CAN00309,REQ1037,Technical Round 2,4,2024-09-18,Cleared,REC007,4
STG000869,CAN00310,REQ1028,Recruiter Screening,1,2025-01-08,Cleared,\N,3
STG000870,CAN00310,REQ1028,Profile Submission,2,2025-01-13,Cleared,REC003,4
STG000871,CAN00310,REQ1028,Technical Round 1,3,2025-01-17,Rejected – Skills,REC015,3
STG000872,CAN00311,REQ1039,Recruiter Screening,1,2025-01-16,Cleared,\N,3
STG000873,CAN00311,REQ1039,Profile Submission,2,2025-01-21,Cleared,REC002,5
STG000874,CAN00311,REQ1039,Technical Round 1,3,2025-01-27,Cleared,REC014,3
STG000875,CAN00312,REQ1056,Recruiter Screening,1,2024-09-03,Cleared,\N,3
STG000876,CAN00312,REQ1056,Profile Submission,2,2024-09-11,Cleared,REC012,5
STG000877,CAN00312,REQ1056,Technical Round 1,3,2024-09-18,Cleared,REC005,5
STG000878,CAN00312,REQ1056,Technical Round 2,4,2024-09-23,Rejected – Skills,REC010,3
STG000879,CAN00313,REQ1060,Recruiter Screening,1,2025-02-10,Cleared,\N,4
STG000880,CAN00313,REQ1060,HR Intro Round,2,2025-02-24,Cleared,REC012,4
STG000881,CAN00313,REQ1060,Technical Round 1,3,2025-02-25,Rejected – Culture Fit,REC011,2
STG000882,CAN00314,REQ1042,Recruiter Screening,1,2025-05-05,Cleared,\N,4
STG000883,CAN00314,REQ1042,HR Intro Round,2,2025-05-12,Cleared,REC002,4
STG000884,CAN00314,REQ1042,Technical Round 1,3,2025-05-15,Cleared,REC004,5
STG000885,CAN00314,REQ1042,Hiring Manager Round,4,2025-05-23,Rejected – Skills,REC009,2
STG000886,CAN00315,REQ1010,Recruiter Screening,1,2025-03-10,Cleared,\N,3
STG000887,CAN00315,REQ1010,Profile Submission,2,2025-03-17,Cleared,REC002,5
STG000888,CAN00315,REQ1010,Technical Round 1,3,2025-03-20,Cleared,REC002,4
STG000889,CAN00315,REQ1010,Technical Round 2,4,2025-03-26,Cleared,REC006,4
STG000890,CAN00315,REQ1010,Hiring Manager Round,5,2025-03-31,Cleared,REC002,3
STG000891,CAN00315,REQ1010,Offer Stage,6,2025-04-08,Rejected – Skills,REC014,1
STG000892,CAN00316,REQ1057,Recruiter Screening,1,2024-12-09,Cleared,\N,5
STG000893,CAN00316,REQ1057,Profile Submission,2,2024-12-16,Cleared,REC004,3
STG000894,CAN00316,REQ1057,Technical Round 1,3,2024-12-20,Cleared,REC005,\N
STG000895,CAN00316,REQ1057,Technical Round 2,4,2024-12-30,Cleared,REC007,3
STG000896,CAN00316,REQ1057,System Design Round,5,2025-01-02,Cleared,REC012,4
STG000897,CAN00316,REQ1057,Panel Round,6,2025-01-08,Rejected – Compensation Mismatch,REC012,3
STG000898,CAN00317,REQ1034,Recruiter Screening,1,2024-09-26,Cleared,\N,3
STG000899,CAN00317,REQ1034,Profile Submission,2,2024-09-30,Cleared,REC004,3
STG000900,CAN00317,REQ1034,Technical Round 1,3,2024-10-07,Cleared,REC014,4
STG000901,CAN00317,REQ1034,Technical Round 2,4,2024-10-15,Rejected – Culture Fit,REC005,1
STG000902,CAN00318,REQ1021,Recruiter Screening,1,2024-12-12,Cleared,\N,3
STG000903,CAN00318,REQ1021,Profile Submission,2,2024-12-18,Cleared,REC014,5
STG000904,CAN00318,REQ1021,Technical Round 1,3,2024-12-24,Cleared,REC014,5
STG000905,CAN00318,REQ1021,Technical Round 2,4,2025-01-01,Cleared,REC012,4
STG000906,CAN00318,REQ1021,System Design Round,5,2025-01-08,Cleared,REC001,4
STG000907,CAN00318,REQ1021,Panel Round,6,2025-01-14,Cleared,REC010,5
STG000908,CAN00318,REQ1021,Founder/CXO Round,7,2025-01-22,Candidate Withdrew,REC014,\N
STG000909,CAN00319,REQ1032,Recruiter Screening,1,2025-03-27,Cleared,\N,4
STG000910,CAN00319,REQ1032,Profile Submission,2,2025-04-02,Cleared,REC006,5
STG000911,CAN00319,REQ1032,Technical Round 1,3,2025-04-08,Cleared,REC012,4
STG000912,CAN00319,REQ1032,Technical Round 2,4,2025-04-14,Cleared,REC004,5
STG000913,CAN00319,REQ1032,System Design Round,5,2025-04-21,Candidate Withdrew,REC006,\N
STG000914,CAN00320,REQ1058,Recruiter Screening,1,2024-12-09,Cleared,\N,5
STG000915,CAN00320,REQ1058,HR Intro Round,2,2024-12-12,Cleared,REC003,3
STG000916,CAN00320,REQ1058,Technical Round 1,3,2024-12-19,Cleared,REC005,4
STG000917,CAN00320,REQ1058,Hiring Manager Round,4,2024-12-23,Cleared,REC006,3
STG000918,CAN00320,REQ1058,Offer Stage,5,2024-12-30,Cleared,REC001,5
STG000919,CAN00321,REQ1026,Recruiter Screening,1,2024-08-26,Cleared,\N,3
STG000920,CAN00321,REQ1026,Profile Submission,2,2024-09-12,Rejected – Skills,REC002,1
STG000921,CAN00322,REQ1017,Recruiter Screening,1,2024-11-15,Cleared,\N,5
STG000922,CAN00322,REQ1017,Profile Submission,2,2024-11-21,Rejected – Skills,REC006,3
STG000923,CAN00323,REQ1009,Recruiter Screening,1,2025-06-05,Cleared,\N,4
STG000924,CAN00323,REQ1009,Profile Submission,2,2025-06-10,Cleared,REC012,4
STG000925,CAN00323,REQ1009,Technical Round 1,3,2025-06-16,Cleared,REC013,3
STG000926,CAN00323,REQ1009,Technical Round 2,4,2025-06-23,Cleared,REC007,4
STG000927,CAN00323,REQ1009,System Design Round,5,2025-06-30,Candidate Ghosted,REC014,\N
STG000928,CAN00324,REQ1045,Recruiter Screening,1,2024-02-22,Cleared,\N,\N
STG000929,CAN00324,REQ1045,Profile Submission,2,2024-03-05,Cleared,REC011,3
STG000930,CAN00324,REQ1045,Technical Round 1,3,2024-03-18,Candidate Withdrew,REC001,\N
STG000931,CAN00325,REQ1011,Recruiter Screening,1,2024-03-06,Req Cancelled Mid-Process,\N,\N
STG000932,CAN00326,REQ1029,Recruiter Screening,1,2024-06-17,Cleared,\N,5
STG000933,CAN00326,REQ1029,Profile Submission,2,2024-06-24,Rejected – Culture Fit,REC006,3
STG000934,CAN00327,REQ1015,Recruiter Screening,1,2025-03-03,Cleared,\N,5
STG000935,CAN00327,REQ1015,Profile Submission,2,2025-03-10,Cleared,REC005,5
STG000936,CAN00327,REQ1015,Technical Round 1,3,2025-03-17,Cleared,REC001,3
STG000937,CAN00327,REQ1015,Technical Round 2,4,2025-03-24,Cleared,REC012,4
STG000938,CAN00327,REQ1015,System Design Round,5,2025-03-31,On Hold – Panel Unavailable,REC002,\N
STG000939,CAN00328,REQ1047,Recruiter Screening,1,2024-03-19,Cleared,\N,3
STG000940,CAN00328,REQ1047,Profile Submission,2,2024-03-25,Req Cancelled Mid-Process,REC004,\N
STG000941,CAN00329,REQ1044,Recruiter Screening,1,2025-02-05,Cleared,\N,4
STG000942,CAN00329,REQ1044,Profile Submission,2,2025-02-12,Cleared,REC008,4
STG000943,CAN00329,REQ1044,Technical Round 1,3,2025-02-17,Cleared,REC002,4
STG000944,CAN00329,REQ1044,Technical Round 2,4,2025-02-20,Cleared,REC004,4
STG000945,CAN00329,REQ1044,System Design Round,5,2025-02-26,Cleared,REC010,4
STG000946,CAN00329,REQ1044,Panel Round,6,2025-02-27,Cleared,REC010,4
STG000947,CAN00330,REQ1031,Recruiter Screening,1,2024-10-07,Cleared,\N,3
STG000948,CAN00330,REQ1031,Profile Submission,2,2024-10-08,Cleared,REC004,5
STG000949,CAN00331,REQ1009,Recruiter Screening,1,2024-05-01,Cleared,\N,4
STG000950,CAN00331,REQ1009,Profile Submission,2,2024-05-06,Cleared,REC006,4
STG000951,CAN00331,REQ1009,Technical Round 1,3,2024-05-13,Cleared,REC003,3
STG000952,CAN00331,REQ1009,Technical Round 2,4,2024-05-20,Cleared,REC015,4
STG000953,CAN00331,REQ1009,System Design Round,5,2024-05-27,Cleared,REC001,4
STG000954,CAN00331,REQ1009,Panel Round,6,2024-05-30,Cleared,REC007,3
STG000955,CAN00331,REQ1009,Offer Stage,7,2024-06-05,Cleared,REC013,4
STG000956,CAN00332,REQ1053,Recruiter Screening,1,2024-03-01,Cleared,\N,4
STG000957,CAN00332,REQ1053,HR Intro Round,2,2024-03-04,Cleared,REC012,4
STG000958,CAN00333,REQ1006,Recruiter Screening,1,2024-05-17,Cleared,\N,5
STG000959,CAN00333,REQ1006,Profile Submission,2,2024-05-20,Cleared,REC009,5
STG000960,CAN00333,REQ1006,Technical Round 1,3,2024-05-21,Rejected – Skills,REC002,1
STG000961,CAN00334,REQ1050,Recruiter Screening,1,2024-05-14,Cleared,\N,3
STG000962,CAN00334,REQ1050,HR Intro Round,2,2024-05-20,Rejected – Culture Fit,REC003,2
STG000963,CAN00335,REQ1020,Recruiter Screening,1,2024-05-20,Cleared,\N,3
STG000964,CAN00335,REQ1020,HR Intro Round,2,2024-05-24,Cleared,REC001,3
STG000965,CAN00335,REQ1020,Technical Round 1,3,2024-05-31,Candidate Withdrew,REC003,\N
STG000966,CAN00336,REQ1023,Recruiter Screening,1,2024-09-02,Cleared,\N,3
STG000967,CAN00336,REQ1023,HR Intro Round,2,2024-09-05,Cleared,REC004,5
STG000968,CAN00336,REQ1023,Technical Round 1,3,2024-09-11,Cleared,REC005,3
STG000969,CAN00336,REQ1023,Hiring Manager Round,4,2024-09-16,Cleared,REC008,3
STG000970,CAN00336,REQ1023,Offer Stage,5,2024-09-19,Cleared,REC005,3
STG000971,CAN00337,REQ1004,Recruiter Screening,1,2025-05-20,Cleared,\N,3
STG000972,CAN00337,REQ1004,Profile Submission,2,2025-06-09,Candidate Withdrew,REC015,\N
STG000973,CAN00338,REQ1015,Recruiter Screening,1,2025-01-17,Cleared,\N,4
STG000974,CAN00338,REQ1015,Profile Submission,2,2025-01-22,Cleared,REC006,4
STG000975,CAN00338,REQ1015,Technical Round 1,3,2025-01-30,Cleared,REC001,4
STG000976,CAN00338,REQ1015,Technical Round 2,4,2025-02-03,Rejected – Skills,REC002,2
STG000977,CAN00339,REQ1012,Recruiter Screening,1,2024-12-02,Cleared,\N,4
STG000978,CAN00339,REQ1012,Profile Submission,2,2024-12-03,Candidate Withdrew,REC011,\N
STG000979,CAN00340,REQ1024,Recruiter Screening,1,2024-07-02,Cleared,\N,3
STG000980,CAN00340,REQ1024,Profile Submission,2,2024-07-03,Cleared,REC011,3
STG000981,CAN00340,REQ1024,Technical Round 1,3,2024-07-04,Req Cancelled Mid-Process,REC015,\N
STG000982,CAN00341,REQ1052,Recruiter Screening,1,2024-11-19,Req Cancelled Mid-Process,\N,\N
STG000983,CAN00342,REQ1033,Recruiter Screening,1,2024-09-23,Rejected – Culture Fit,\N,2
STG000984,CAN00343,REQ1017,Recruiter Screening,1,2024-11-07,Rejected – Skills,\N,3
STG000985,CAN00344,REQ1038,Recruiter Screening,1,2025-01-13,Cleared,\N,3
STG000986,CAN00344,REQ1038,Profile Submission,2,2025-01-21,Cleared,REC009,5
STG000987,CAN00344,REQ1038,Technical Round 1,3,2025-01-27,Cleared,REC010,5
STG000988,CAN00344,REQ1038,Technical Round 2,4,2025-02-04,Rejected – Skills,REC010,1
STG000989,CAN00345,REQ1015,Recruiter Screening,1,2025-01-27,Cleared,\N,5
STG000990,CAN00345,REQ1015,Profile Submission,2,2025-02-04,Cleared,REC015,5
STG000991,CAN00345,REQ1015,Technical Round 1,3,2025-02-10,Cleared,REC011,5
STG000992,CAN00345,REQ1015,Technical Round 2,4,2025-02-13,Rejected – Culture Fit,REC005,2
STG000993,CAN00346,REQ1016,Recruiter Screening,1,2024-11-11,Cleared,\N,5
STG000994,CAN00347,REQ1038,Recruiter Screening,1,2024-09-13,Rejected – Skills,\N,1
STG000995,CAN00348,REQ1026,Recruiter Screening,1,2024-08-07,Rejected – Skills,\N,3
STG000996,CAN00349,REQ1047,Recruiter Screening,1,2024-03-11,Rejected – Skills,\N,3
STG000997,CAN00350,REQ1026,Recruiter Screening,1,2024-07-24,Cleared,\N,3
STG000998,CAN00350,REQ1026,Profile Submission,2,2024-08-05,Cleared,REC005,3
STG000999,CAN00350,REQ1026,Technical Round 1,3,2024-08-21,Cleared,REC001,5
STG001000,CAN00350,REQ1026,Technical Round 2,4,2024-09-04,Rejected – Culture Fit,REC013,3
STG001001,CAN00351,REQ1022,Recruiter Screening,1,2024-07-22,Cleared,\N,5
STG001002,CAN00351,REQ1022,Profile Submission,2,2024-07-29,Cleared,REC013,5
STG001003,CAN00351,REQ1022,Technical Round 1,3,2024-08-01,Cleared,REC002,3
STG001004,CAN00351,REQ1022,Technical Round 2,4,2024-08-05,Cleared,REC013,5
STG001005,CAN00351,REQ1022,System Design Round,5,2024-08-09,Candidate Ghosted,REC003,\N
STG001006,CAN00352,REQ1036,Recruiter Screening,1,2024-08-27,Cleared,\N,4
STG001007,CAN00352,REQ1036,Profile Submission,2,2024-09-03,Cleared,REC005,4
STG001008,CAN00352,REQ1036,Technical Round 1,3,2024-09-10,Rejected – Compensation Mismatch,REC008,1
STG001009,CAN00353,REQ1002,Recruiter Screening,1,2025-01-01,Cleared,\N,5
STG001010,CAN00353,REQ1002,Profile Submission,2,2025-01-02,Cleared,REC011,3
STG001011,CAN00353,REQ1002,Technical Round 1,3,2025-01-03,Rejected – Skills,REC008,3
STG001012,CAN00354,REQ1021,Recruiter Screening,1,2025-04-07,Cleared,\N,4
STG001013,CAN00354,REQ1021,Profile Submission,2,2025-04-10,Cleared,REC004,5
STG001014,CAN00354,REQ1021,Technical Round 1,3,2025-04-18,Cleared,REC008,3
STG001015,CAN00354,REQ1021,Technical Round 2,4,2025-04-28,Rejected – Skills,REC007,3
STG001016,CAN00355,REQ1054,Recruiter Screening,1,2025-03-18,Cleared,\N,4
STG001017,CAN00355,REQ1054,Profile Submission,2,2025-03-24,Cleared,REC001,4
STG001018,CAN00355,REQ1054,Technical Round 1,3,2025-03-27,Cleared,REC015,3
STG001019,CAN00355,REQ1054,Technical Round 2,4,2025-04-01,Rejected – Skills,REC004,3
STG001020,CAN00356,REQ1015,Recruiter Screening,1,2025-02-25,Cleared,\N,3
STG001021,CAN00356,REQ1015,Profile Submission,2,2025-03-03,Rejected – Compensation Mismatch,REC006,1
STG001022,CAN00357,REQ1004,Recruiter Screening,1,2025-01-17,Cleared,\N,3
STG001023,CAN00357,REQ1004,Profile Submission,2,2025-01-30,Cleared,REC006,4
STG001024,CAN00357,REQ1004,Technical Round 1,3,2025-02-17,Candidate Ghosted,REC004,\N
STG001025,CAN00358,REQ1017,Recruiter Screening,1,2024-11-19,Cleared,\N,3
STG001026,CAN00358,REQ1017,Profile Submission,2,2024-11-20,Candidate Withdrew,REC015,\N
STG001027,CAN00359,REQ1049,Recruiter Screening,1,2025-03-07,Cleared,\N,5
STG001028,CAN00359,REQ1049,HR Intro Round,2,2025-03-12,Cleared,REC012,4
STG001029,CAN00359,REQ1049,Technical Round 1,3,2025-03-17,Cleared,REC008,4
STG001030,CAN00359,REQ1049,Hiring Manager Round,4,2025-03-24,Cleared,REC011,5
STG001031,CAN00359,REQ1049,Offer Stage,5,2025-03-27,Cleared,REC014,4
STG001032,CAN00360,REQ1003,Recruiter Screening,1,2024-07-01,Cleared,\N,5
STG001033,CAN00360,REQ1003,HR Intro Round,2,2024-07-16,Cleared,REC006,4
STG001034,CAN00360,REQ1003,Technical Round 1,3,2024-08-02,Cleared,REC008,3
STG001035,CAN00360,REQ1003,Hiring Manager Round,4,2024-08-15,Cleared,REC005,3
STG001036,CAN00360,REQ1003,Offer Stage,5,2024-08-16,Cleared,REC015,4
STG001037,CAN00361,REQ1039,Recruiter Screening,1,2025-01-23,Candidate Withdrew,\N,\N
STG001038,CAN00362,REQ1044,Recruiter Screening,1,2024-12-25,Cleared,\N,5
STG001039,CAN00362,REQ1044,Profile Submission,2,2025-01-01,On Hold – Panel Unavailable,REC003,\N
STG001040,CAN00363,REQ1046,Recruiter Screening,1,2025-01-07,Cleared,\N,5
STG001041,CAN00363,REQ1046,Profile Submission,2,2025-01-13,Cleared,REC007,3
STG001042,CAN00363,REQ1046,Technical Round 1,3,2025-01-21,Cleared,REC001,5
STG001043,CAN00363,REQ1046,Technical Round 2,4,2025-01-27,Cleared,REC012,4
STG001044,CAN00363,REQ1046,System Design Round,5,2025-01-30,Cleared,REC006,4
STG001045,CAN00363,REQ1046,Panel Round,6,2025-02-03,Cleared,REC013,4
STG001046,CAN00363,REQ1046,Founder/CXO Round,7,2025-02-11,Cleared,REC010,3
STG001047,CAN00363,REQ1046,Reference Check,8,2025-02-14,Candidate Withdrew,REC003,\N
STG001048,CAN00364,REQ1031,Recruiter Screening,1,2024-10-03,Cleared,\N,5
STG001049,CAN00364,REQ1031,Profile Submission,2,2024-10-04,Cleared,REC002,3
STG001050,CAN00364,REQ1031,Technical Round 1,3,2024-10-07,Cleared,REC010,5
STG001051,CAN00364,REQ1031,Technical Round 2,4,2024-10-08,Cleared,REC005,4
STG001052,CAN00365,REQ1006,Recruiter Screening,1,2024-05-20,Cleared,\N,4
STG001053,CAN00365,REQ1006,Profile Submission,2,2024-05-21,Cleared,REC007,5
STG001054,CAN00365,REQ1006,Technical Round 1,3,2024-05-22,Rejected – Skills,REC003,1
STG001055,CAN00366,REQ1015,Recruiter Screening,1,2025-03-31,Rejected – Skills,\N,3
STG001056,CAN00367,REQ1010,Recruiter Screening,1,2025-03-06,Cleared,\N,5
STG001057,CAN00367,REQ1010,Profile Submission,2,2025-03-12,Cleared,REC002,5
STG001058,CAN00367,REQ1010,Technical Round 1,3,2025-03-17,Cleared,REC012,4
STG001059,CAN00367,REQ1010,Technical Round 2,4,2025-03-25,Rejected – Skills,REC007,1
STG001060,CAN00368,REQ1055,Recruiter Screening,1,2024-04-05,Cleared,\N,5
STG001061,CAN00368,REQ1055,Profile Submission,2,2024-04-08,Cleared,REC015,4
STG001062,CAN00368,REQ1055,Technical Round 1,3,2024-04-16,Cleared,REC012,3
STG001063,CAN00368,REQ1055,Technical Round 2,4,2024-04-24,Rejected – Skills,REC007,2
STG001064,CAN00369,REQ1060,Recruiter Screening,1,2025-02-24,Cleared,\N,4
STG001065,CAN00369,REQ1060,HR Intro Round,2,2025-02-25,Cleared,REC008,5
STG001066,CAN00369,REQ1060,Technical Round 1,3,2025-02-26,Cleared,REC007,3
STG001067,CAN00369,REQ1060,Hiring Manager Round,4,2025-02-27,Cleared,REC006,3
STG001068,CAN00369,REQ1060,Offer Stage,5,2025-02-28,Cleared,REC011,5
STG001069,CAN00370,REQ1031,Recruiter Screening,1,2024-09-23,Cleared,\N,3
STG001070,CAN00370,REQ1031,Profile Submission,2,2024-09-30,Cleared,REC015,3
STG001071,CAN00370,REQ1031,Technical Round 1,3,2024-10-08,Cleared,REC014,3
STG001072,CAN00371,REQ1013,Recruiter Screening,1,2024-11-11,Cleared,\N,4
STG001073,CAN00371,REQ1013,Profile Submission,2,2024-11-15,Cleared,REC001,3
STG001074,CAN00371,REQ1013,Technical Round 1,3,2024-11-20,Rejected – Culture Fit,REC004,1
STG001075,CAN00372,REQ1004,Recruiter Screening,1,2025-01-17,Cleared,\N,3
STG001076,CAN00372,REQ1004,Profile Submission,2,2025-02-04,Cleared,REC004,3
STG001077,CAN00372,REQ1004,Technical Round 1,3,2025-02-17,Cleared,REC011,4
STG001078,CAN00372,REQ1004,Technical Round 2,4,2025-03-04,Cleared,REC002,3
STG001079,CAN00372,REQ1004,Technical Round 3,5,2025-03-18,Rejected – Skills,REC015,1
STG001080,CAN00373,REQ1016,Recruiter Screening,1,2024-11-04,Cleared,\N,4
STG001081,CAN00373,REQ1016,Profile Submission,2,2024-11-05,Rejected – Skills,REC003,3
STG001082,CAN00374,REQ1016,Recruiter Screening,1,2024-10-28,Cleared,\N,4
STG001083,CAN00374,REQ1016,Profile Submission,2,2024-11-04,Cleared,REC010,5
STG001084,CAN00374,REQ1016,Technical Round 1,3,2024-11-05,On Hold – Panel Unavailable,REC004,\N
STG001085,CAN00375,REQ1053,Recruiter Screening,1,2024-02-22,Cleared,\N,4
STG001086,CAN00375,REQ1053,HR Intro Round,2,2024-02-26,Cleared,REC004,3
STG001087,CAN00375,REQ1053,Technical Round 1,3,2024-02-27,Cleared,REC015,5
STG001088,CAN00375,REQ1053,Hiring Manager Round,4,2024-03-04,Cleared,REC009,3
STG001089,CAN00376,REQ1014,Recruiter Screening,1,2024-03-14,Cleared,\N,3
STG001090,CAN00376,REQ1014,Profile Submission,2,2024-03-22,Rejected – Skills,REC009,2
STG001091,CAN00377,REQ1016,Recruiter Screening,1,2024-10-24,Cleared,\N,3
STG001092,CAN00377,REQ1016,Profile Submission,2,2024-10-28,Cleared,REC004,3
STG001093,CAN00377,REQ1016,Technical Round 1,3,2024-11-04,Cleared,REC003,4
STG001094,CAN00377,REQ1016,Technical Round 2,4,2024-11-05,Cleared,REC004,5
STG001095,CAN00377,REQ1016,Hiring Manager Round,5,2024-11-11,Cleared,REC004,5
STG001096,CAN00378,REQ1058,Recruiter Screening,1,2024-11-28,Cleared,\N,3
STG001097,CAN00378,REQ1058,HR Intro Round,2,2024-12-04,Cleared,REC013,3
STG001098,CAN00378,REQ1058,Technical Round 1,3,2024-12-09,Cleared,REC003,5
STG001099,CAN00378,REQ1058,Hiring Manager Round,4,2024-12-16,Cleared,REC007,4
STG001100,CAN00378,REQ1058,Offer Stage,5,2024-12-23,Cleared,REC012,3
STG001101,CAN00379,REQ1032,Recruiter Screening,1,2025-06-02,Cleared,\N,\N
STG001102,CAN00379,REQ1032,Profile Submission,2,2025-06-05,Cleared,REC007,3
STG001103,CAN00379,REQ1032,Technical Round 1,3,2025-06-12,Cleared,REC013,4
STG001104,CAN00379,REQ1032,Technical Round 2,4,2025-06-20,Cleared,REC012,5
STG001105,CAN00379,REQ1032,System Design Round,5,2025-06-25,Rejected – Skills,REC012,2
STG001106,CAN00380,REQ1029,Recruiter Screening,1,2024-10-15,Cleared,\N,4
STG001107,CAN00380,REQ1029,Profile Submission,2,2024-10-23,Cleared,REC011,5
STG001108,CAN00380,REQ1029,Technical Round 1,3,2024-10-28,Cleared,REC012,5
STG001109,CAN00380,REQ1029,Technical Round 2,4,2024-11-04,Cleared,REC009,3
STG001110,CAN00380,REQ1029,System Design Round,5,2024-11-08,Candidate Ghosted,REC003,\N
STG001111,CAN00381,REQ1051,Recruiter Screening,1,2024-05-22,Cleared,\N,3
STG001112,CAN00381,REQ1051,Profile Submission,2,2024-05-27,Rejected – Skills,REC005,1
STG001113,CAN00382,REQ1028,Recruiter Screening,1,2025-04-07,Cleared,\N,5
STG001114,CAN00382,REQ1028,Profile Submission,2,2025-04-14,Rejected – Skills,REC003,1
STG001115,CAN00383,REQ1056,Recruiter Screening,1,2024-11-25,Cleared,\N,3
STG001116,CAN00383,REQ1056,Profile Submission,2,2024-11-28,Rejected – Skills,REC005,1
STG001117,CAN00384,REQ1025,Recruiter Screening,1,2025-02-13,Cleared,\N,4
STG001118,CAN00384,REQ1025,Profile Submission,2,2025-02-17,Cleared,REC013,5
STG001119,CAN00384,REQ1025,Technical Round 1,3,2025-02-20,Cleared,REC011,3
STG001120,CAN00384,REQ1025,Technical Round 2,4,2025-02-27,Rejected – Culture Fit,REC009,1
STG001121,CAN00385,REQ1040,Recruiter Screening,1,2025-05-12,Cleared,\N,5
STG001122,CAN00385,REQ1040,Profile Submission,2,2025-05-19,On Hold – Panel Unavailable,REC014,\N
STG001123,CAN00386,REQ1048,Recruiter Screening,1,2024-05-16,Cleared,\N,5
STG001124,CAN00386,REQ1048,HR Intro Round,2,2024-05-20,Cleared,REC005,5
STG001125,CAN00386,REQ1048,Technical Round 1,3,2024-05-28,Rejected – Skills,REC010,2
STG001126,CAN00387,REQ1027,Recruiter Screening,1,2025-03-26,Rejected – Skills,\N,3
STG001127,CAN00388,REQ1045,Recruiter Screening,1,2025-04-23,Rejected – Skills,\N,2
STG001128,CAN00389,REQ1017,Recruiter Screening,1,2024-11-08,Cleared,\N,3
STG001129,CAN00389,REQ1017,Profile Submission,2,2024-11-13,Rejected – Culture Fit,REC014,\N
STG001130,CAN00390,REQ1043,Recruiter Screening,1,2024-02-09,Cleared,\N,5
STG001131,CAN00390,REQ1043,Profile Submission,2,2024-02-19,Cleared,REC001,5
STG001132,CAN00390,REQ1043,Technical Round 1,3,2024-02-23,Rejected – Compensation Mismatch,REC013,2
STG001133,CAN00391,REQ1020,Recruiter Screening,1,2024-06-06,Cleared,\N,5
STG001134,CAN00391,REQ1020,HR Intro Round,2,2024-06-11,Rejected – Culture Fit,REC002,3
STG001135,CAN00392,REQ1037,Recruiter Screening,1,2024-08-21,Cleared,\N,3
STG001136,CAN00392,REQ1037,Profile Submission,2,2024-09-02,Cleared,REC012,3
STG001137,CAN00392,REQ1037,Technical Round 1,3,2024-09-13,Cleared,REC007,4
STG001138,CAN00392,REQ1037,Technical Round 2,4,2024-09-16,Cleared,REC014,3
STG001139,CAN00392,REQ1037,Technical Round 3,5,2024-09-17,Interview No-Show,REC006,\N
STG001140,CAN00393,REQ1011,Recruiter Screening,1,2024-02-12,Cleared,\N,4
STG001141,CAN00393,REQ1011,Profile Submission,2,2024-02-16,Req Cancelled Mid-Process,REC008,\N
STG001142,CAN00394,REQ1051,Recruiter Screening,1,2024-05-27,Cleared,\N,5
STG001143,CAN00394,REQ1051,Profile Submission,2,2024-05-28,Req Cancelled Mid-Process,REC014,\N
STG001144,CAN00395,REQ1035,Recruiter Screening,1,2024-07-05,Cleared,\N,3
STG001145,CAN00395,REQ1035,Profile Submission,2,2024-07-15,Rejected – Skills,REC014,1
STG001146,CAN00396,REQ1057,Recruiter Screening,1,2025-05-29,Cleared,\N,4
STG001147,CAN00396,REQ1057,Profile Submission,2,2025-06-04,Cleared,REC005,4
STG001148,CAN00396,REQ1057,Technical Round 1,3,2025-06-12,Rejected – Compensation Mismatch,REC007,3
STG001149,CAN00397,REQ1013,Recruiter Screening,1,2024-10-10,Cleared,\N,5
STG001150,CAN00397,REQ1013,Profile Submission,2,2024-10-16,Cleared,REC013,3
STG001151,CAN00397,REQ1013,Technical Round 1,3,2024-10-24,Cleared,REC012,4
STG001152,CAN00397,REQ1013,Technical Round 2,4,2024-10-31,Cleared,REC007,3
STG001153,CAN00397,REQ1013,Technical Round 3,5,2024-11-06,Rejected – Skills,REC002,1
STG001154,CAN00398,REQ1031,Recruiter Screening,1,2024-10-08,Rejected – Skills,\N,2
STG001155,CAN00399,REQ1021,Recruiter Screening,1,2024-11-13,Cleared,\N,5
STG001156,CAN00399,REQ1021,Profile Submission,2,2024-11-21,Cleared,REC007,5
STG001157,CAN00399,REQ1021,Technical Round 1,3,2024-11-26,Rejected – Skills,REC002,1
STG001158,CAN00400,REQ1023,Recruiter Screening,1,2024-09-17,Cleared,\N,4
STG001159,CAN00400,REQ1023,HR Intro Round,2,2024-09-25,Rejected – Skills,REC007,1
STG001160,CAN00401,REQ1051,Recruiter Screening,1,2024-05-29,Req Cancelled Mid-Process,\N,\N
STG001161,CAN00402,REQ1024,Recruiter Screening,1,2024-06-25,Cleared,\N,5
STG001162,CAN00402,REQ1024,Profile Submission,2,2024-06-28,Cleared,REC003,3
STG001163,CAN00402,REQ1024,Technical Round 1,3,2024-07-05,Cleared,REC002,4
STG001164,CAN00403,REQ1044,Recruiter Screening,1,2025-01-16,Cleared,\N,5
STG001165,CAN00403,REQ1044,Profile Submission,2,2025-01-20,Cleared,REC004,3
STG001166,CAN00403,REQ1044,Technical Round 1,3,2025-01-27,Cleared,REC011,4
STG001167,CAN00403,REQ1044,Technical Round 2,4,2025-02-03,Cleared,REC006,5
STG001168,CAN00403,REQ1044,System Design Round,5,2025-02-10,Candidate Ghosted,REC006,\N
STG001169,CAN00404,REQ1035,Recruiter Screening,1,2024-07-15,Cleared,\N,3
STG001170,CAN00404,REQ1035,Profile Submission,2,2024-07-22,Cleared,REC003,4
STG001171,CAN00404,REQ1035,Technical Round 1,3,2024-07-30,Cleared,REC005,4
STG001172,CAN00404,REQ1035,Technical Round 2,4,2024-07-31,Rejected – Skills,REC002,2
STG001173,CAN00405,REQ1057,Recruiter Screening,1,2025-05-20,Cleared,\N,\N
STG001174,CAN00405,REQ1057,Profile Submission,2,2025-05-28,Cleared,REC011,5
STG001175,CAN00405,REQ1057,Technical Round 1,3,2025-06-05,Rejected – Culture Fit,REC014,2
STG001176,CAN00406,REQ1035,Recruiter Screening,1,2024-06-20,Cleared,\N,5
STG001177,CAN00406,REQ1035,Profile Submission,2,2024-06-27,Cleared,REC006,3
STG001178,CAN00406,REQ1035,Technical Round 1,3,2024-07-02,Rejected – Skills,REC005,1
STG001179,CAN00407,REQ1040,Recruiter Screening,1,2025-02-25,Cleared,\N,5
STG001180,CAN00407,REQ1040,Profile Submission,2,2025-03-03,Cleared,REC014,5
STG001181,CAN00407,REQ1040,Technical Round 1,3,2025-03-10,Cleared,REC003,3
STG001182,CAN00407,REQ1040,Technical Round 2,4,2025-03-17,Rejected – Compensation Mismatch,REC013,2
STG001183,CAN00408,REQ1013,Recruiter Screening,1,2024-11-22,Cleared,\N,4
STG001184,CAN00408,REQ1013,Profile Submission,2,2024-11-25,Rejected – Compensation Mismatch,REC012,2
STG001185,CAN00409,REQ1003,Recruiter Screening,1,2024-08-13,Rejected – Skills,\N,3
STG001186,CAN00410,REQ1053,Recruiter Screening,1,2024-02-12,Cleared,\N,3
STG001187,CAN00410,REQ1053,HR Intro Round,2,2024-02-16,Cleared,REC009,4
STG001188,CAN00410,REQ1053,Technical Round 1,3,2024-02-22,Rejected – Culture Fit,REC011,2
STG001189,CAN00411,REQ1017,Recruiter Screening,1,2024-11-11,Cleared,\N,5
STG001190,CAN00411,REQ1017,Profile Submission,2,2024-11-14,Rejected – Skills,REC006,3
STG001191,CAN00412,REQ1027,Recruiter Screening,1,2025-02-24,Cleared,\N,4
STG001192,CAN00412,REQ1027,Profile Submission,2,2025-02-27,Cleared,REC002,4
STG001193,CAN00412,REQ1027,Technical Round 1,3,2025-03-04,Candidate Ghosted,REC004,\N
STG001194,CAN00413,REQ1019,Recruiter Screening,1,2024-06-11,Cleared,\N,5
STG001195,CAN00413,REQ1019,Profile Submission,2,2024-06-18,Cleared,REC014,5
STG001196,CAN00413,REQ1019,Technical Round 1,3,2024-06-24,Req Cancelled Mid-Process,REC001,\N
STG001197,CAN00414,REQ1032,Recruiter Screening,1,2025-04-21,Cleared,\N,3
STG001198,CAN00414,REQ1032,Profile Submission,2,2025-04-24,Cleared,REC002,4
STG001199,CAN00414,REQ1032,Technical Round 1,3,2025-04-30,Cleared,REC004,4
STG001200,CAN00414,REQ1032,Technical Round 2,4,2025-05-06,Cleared,REC015,4
STG001201,CAN00414,REQ1032,System Design Round,5,2025-05-12,Cleared,REC011,4
STG001202,CAN00414,REQ1032,Panel Round,6,2025-05-19,Cleared,REC001,4
STG001203,CAN00414,REQ1032,Offer Stage,7,2025-05-26,Rejected – Compensation Mismatch,REC004,1
STG001204,CAN00415,REQ1026,Recruiter Screening,1,2024-07-15,Rejected – Skills,\N,2
STG001205,CAN00416,REQ1017,Recruiter Screening,1,2024-11-11,Cleared,\N,4
STG001206,CAN00416,REQ1017,Profile Submission,2,2024-11-15,Cleared,REC003,3
STG001207,CAN00416,REQ1017,Technical Round 1,3,2024-11-19,Cleared,REC004,5
STG001208,CAN00416,REQ1017,Technical Round 2,4,2024-11-22,Rejected – Skills,REC012,3
STG001209,CAN00417,REQ1043,Recruiter Screening,1,2024-03-18,Cleared,\N,3
STG001210,CAN00417,REQ1043,Profile Submission,2,2024-03-25,Rejected – Skills,REC004,3
STG001211,CAN00418,REQ1058,Recruiter Screening,1,2024-12-30,Cleared,\N,3
STG001212,CAN00418,REQ1058,HR Intro Round,2,2025-01-03,Cleared,REC015,3
STG001213,CAN00418,REQ1058,Technical Round 1,3,2025-01-07,Cleared,REC014,3
STG001214,CAN00418,REQ1058,Hiring Manager Round,4,2025-01-10,Cleared,REC011,5
STG001215,CAN00418,REQ1058,Offer Stage,5,2025-01-14,Cleared,REC009,3
STG001216,CAN00419,REQ1002,Recruiter Screening,1,2024-10-28,Cleared,\N,4
STG001217,CAN00419,REQ1002,Profile Submission,2,2024-11-11,Cleared,REC005,4
STG001218,CAN00419,REQ1002,Technical Round 1,3,2024-11-22,Cleared,REC013,5
STG001219,CAN00419,REQ1002,Technical Round 2,4,2024-12-04,Cleared,REC012,4
STG001220,CAN00419,REQ1002,System Design Round,5,2024-12-23,Rejected – Skills,REC004,2
STG001221,CAN00420,REQ1052,Recruiter Screening,1,2024-11-07,Rejected – Skills,\N,1
STG001222,CAN00421,REQ1054,Recruiter Screening,1,2024-05-15,Rejected – Culture Fit,\N,3
STG001223,CAN00422,REQ1018,Recruiter Screening,1,2024-03-11,Cleared,\N,4
STG001224,CAN00422,REQ1018,Profile Submission,2,2024-03-14,Cleared,REC013,5
STG001225,CAN00422,REQ1018,Technical Round 1,3,2024-03-18,Cleared,REC005,3
STG001226,CAN00422,REQ1018,Technical Round 2,4,2024-03-21,Candidate Withdrew,REC001,\N
STG001227,CAN00423,REQ1012,Recruiter Screening,1,2024-12-06,Cleared,\N,5
STG001228,CAN00423,REQ1012,Profile Submission,2,2024-12-09,Cleared,REC001,3
STG001229,CAN00424,REQ1020,Recruiter Screening,1,2024-05-20,Cleared,\N,3
STG001230,CAN00424,REQ1020,HR Intro Round,2,2024-05-24,Cleared,REC001,4
STG001231,CAN00424,REQ1020,Technical Round 1,3,2024-06-03,Cleared,REC005,3
STG001232,CAN00424,REQ1020,Hiring Manager Round,4,2024-06-06,Rejected – Skills,REC009,1
STG001233,CAN00425,REQ1026,Recruiter Screening,1,2024-07-15,Cleared,\N,5
STG001234,CAN00425,REQ1026,Profile Submission,2,2024-07-29,Cleared,REC014,3
STG001235,CAN00425,REQ1026,Technical Round 1,3,2024-08-13,Cleared,REC005,3
STG001236,CAN00425,REQ1026,Technical Round 2,4,2024-08-23,Cleared,REC002,5
STG001237,CAN00425,REQ1026,System Design Round,5,2024-09-09,Interview No-Show,REC005,\N
STG001238,CAN00426,REQ1030,Recruiter Screening,1,2025-03-17,Cleared,\N,4
STG001239,CAN00426,REQ1030,Profile Submission,2,2025-03-21,Candidate Withdrew,REC002,\N
STG001240,CAN00427,REQ1028,Recruiter Screening,1,2025-02-13,Rejected – Skills,\N,2
STG001241,CAN00428,REQ1045,Recruiter Screening,1,2024-12-02,Cleared,\N,4
STG001242,CAN00428,REQ1045,Profile Submission,2,2024-12-18,Cleared,REC013,5
STG001243,CAN00428,REQ1045,Technical Round 1,3,2024-12-30,Cleared,REC002,3
STG001244,CAN00428,REQ1045,Technical Round 2,4,2025-01-09,Rejected – Skills,REC003,1
STG001245,CAN00429,REQ1024,Recruiter Screening,1,2024-07-04,Rejected – Skills,\N,1
STG001246,CAN00430,REQ1009,Recruiter Screening,1,2024-06-24,Cleared,\N,5
STG001247,CAN00430,REQ1009,Profile Submission,2,2024-07-02,Cleared,REC014,3
STG001248,CAN00430,REQ1009,Technical Round 1,3,2024-07-05,Cleared,REC015,5
STG001249,CAN00430,REQ1009,Technical Round 2,4,2024-07-11,Cleared,REC004,3
STG001250,CAN00430,REQ1009,System Design Round,5,2024-07-17,Cleared,REC004,4
STG001251,CAN00430,REQ1009,Panel Round,6,2024-07-25,Cleared,REC008,3
STG001252,CAN00430,REQ1009,Offer Stage,7,2024-07-29,On Hold – Panel Unavailable,REC004,\N
STG001253,CAN00431,REQ1019,Recruiter Screening,1,2024-06-06,Cleared,\N,5
STG001254,CAN00431,REQ1019,Profile Submission,2,2024-06-10,Cleared,REC010,4
STG001255,CAN00431,REQ1019,Technical Round 1,3,2024-06-17,Req Cancelled Mid-Process,REC002,\N
STG001256,CAN00432,REQ1054,Recruiter Screening,1,2025-06-24,Cleared,\N,4
STG001257,CAN00432,REQ1054,Profile Submission,2,2025-06-25,Rejected – Skills,REC002,1
STG001258,CAN00433,REQ1060,Recruiter Screening,1,2025-02-24,Cleared,\N,4
STG001259,CAN00433,REQ1060,HR Intro Round,2,2025-02-25,Cleared,REC013,3
STG001260,CAN00433,REQ1060,Technical Round 1,3,2025-02-26,Cleared,REC009,5
STG001261,CAN00433,REQ1060,Hiring Manager Round,4,2025-02-27,Cleared,REC002,4
STG001262,CAN00433,REQ1060,Offer Stage,5,2025-02-28,Cleared,REC004,5
STG001263,CAN00434,REQ1023,Recruiter Screening,1,2025-05-16,Cleared,\N,5
STG001264,CAN00434,REQ1023,HR Intro Round,2,2025-05-22,Cleared,REC012,3
STG001265,CAN00434,REQ1023,Technical Round 1,3,2025-05-26,Cleared,REC007,3
STG001266,CAN00434,REQ1023,Hiring Manager Round,4,2025-06-03,Cleared,REC001,4
STG001267,CAN00434,REQ1023,Offer Stage,5,2025-06-11,Cleared,REC014,4
STG001268,CAN00435,REQ1020,Recruiter Screening,1,2024-05-30,Cleared,\N,5
STG001269,CAN00435,REQ1020,HR Intro Round,2,2024-06-07,Cleared,REC015,3
STG001270,CAN00435,REQ1020,Technical Round 1,3,2024-06-17,Cleared,REC003,5
STG001271,CAN00435,REQ1020,Hiring Manager Round,4,2024-06-20,Cleared,REC009,4
STG001272,CAN00435,REQ1020,Offer Stage,5,2024-06-21,Rejected – Culture Fit,REC005,3
STG001273,CAN00436,REQ1015,Recruiter Screening,1,2025-04-25,Cleared,\N,3
STG001274,CAN00436,REQ1015,Profile Submission,2,2025-04-29,Cleared,REC010,5
STG001275,CAN00436,REQ1015,Technical Round 1,3,2025-05-02,Rejected – Culture Fit,REC011,2
STG001276,CAN00437,REQ1030,Recruiter Screening,1,2025-03-10,Cleared,\N,4
STG001277,CAN00437,REQ1030,Profile Submission,2,2025-03-13,Cleared,REC002,3
STG001278,CAN00437,REQ1030,Technical Round 1,3,2025-03-17,Cleared,REC004,4
STG001279,CAN00437,REQ1030,Technical Round 2,4,2025-03-24,Cleared,REC005,3
STG001280,CAN00437,REQ1030,System Design Round,5,2025-03-25,Interview No-Show,REC010,\N
STG001281,CAN00438,REQ1017,Recruiter Screening,1,2024-11-18,Cleared,\N,4
STG001282,CAN00438,REQ1017,Profile Submission,2,2024-11-25,Cleared,REC012,4
STG001283,CAN00439,REQ1019,Recruiter Screening,1,2024-05-27,Req Cancelled Mid-Process,\N,\N
STG001284,CAN00440,REQ1003,Recruiter Screening,1,2024-08-08,Rejected – Skills,\N,1
STG001285,CAN00441,REQ1029,Recruiter Screening,1,2025-06-16,Rejected – Skills,\N,1
STG001286,CAN00442,REQ1004,Recruiter Screening,1,2025-03-24,Cleared,\N,\N
STG001287,CAN00442,REQ1004,Profile Submission,2,2025-04-04,Candidate Ghosted,REC010,\N
STG001288,CAN00443,REQ1020,Recruiter Screening,1,2024-05-24,Cleared,\N,4
STG001289,CAN00443,REQ1020,HR Intro Round,2,2024-05-28,Cleared,REC002,4
STG001290,CAN00443,REQ1020,Technical Round 1,3,2024-05-31,Cleared,REC008,4
STG001291,CAN00443,REQ1020,Hiring Manager Round,4,2024-06-05,Rejected – Skills,REC002,1
STG001292,CAN00444,REQ1017,Recruiter Screening,1,2024-10-14,Cleared,\N,4
STG001293,CAN00444,REQ1017,Profile Submission,2,2024-10-21,Cleared,REC005,4
STG001294,CAN00444,REQ1017,Technical Round 1,3,2024-10-29,Cleared,REC012,3
STG001295,CAN00444,REQ1017,Technical Round 2,4,2024-11-04,Cleared,REC014,3
STG001296,CAN00444,REQ1017,Hiring Manager Round,5,2024-11-07,Cleared,REC014,4
STG001297,CAN00444,REQ1017,Offer Stage,6,2024-11-11,Cleared,REC002,5
STG001298,CAN00445,REQ1056,Recruiter Screening,1,2025-03-31,Cleared,\N,3
STG001299,CAN00445,REQ1056,Profile Submission,2,2025-04-07,Cleared,REC003,4
STG001300,CAN00445,REQ1056,Technical Round 1,3,2025-04-15,Cleared,REC013,5
STG001301,CAN00445,REQ1056,Technical Round 2,4,2025-04-21,Cleared,REC008,4
STG001302,CAN00445,REQ1056,System Design Round,5,2025-04-25,Cleared,REC007,5
STG001303,CAN00445,REQ1056,Panel Round,6,2025-04-30,Cleared,REC002,3
STG001304,CAN00445,REQ1056,Culture Fit Round,7,2025-05-05,Cleared,REC008,5
STG001305,CAN00445,REQ1056,Offer Stage,8,2025-05-12,Cleared,REC003,4
STG001306,CAN00446,REQ1036,Recruiter Screening,1,2024-08-19,Rejected – Skills,\N,3
STG001307,CAN00447,REQ1002,Recruiter Screening,1,2024-10-21,Cleared,\N,\N
STG001308,CAN00447,REQ1002,Profile Submission,2,2024-11-05,Cleared,REC008,3
STG001309,CAN00447,REQ1002,Technical Round 1,3,2024-11-20,Cleared,REC005,4
STG001310,CAN00447,REQ1002,Technical Round 2,4,2024-12-09,Rejected – Skills,REC014,\N
STG001311,CAN00448,REQ1043,Recruiter Screening,1,2024-04-08,Rejected – Skills,\N,3
STG001312,CAN00449,REQ1034,Recruiter Screening,1,2024-10-15,Rejected – Skills,\N,2
STG001313,CAN00450,REQ1053,Recruiter Screening,1,2024-02-26,Cleared,\N,3
STG001314,CAN00450,REQ1053,HR Intro Round,2,2024-03-01,Cleared,REC010,5
STG001315,CAN00450,REQ1053,Technical Round 1,3,2024-03-04,Cleared,REC012,5
STG001316,CAN00451,REQ1013,Recruiter Screening,1,2024-10-25,Cleared,\N,4
STG001317,CAN00451,REQ1013,Profile Submission,2,2024-10-28,Cleared,REC002,5
STG001318,CAN00451,REQ1013,Technical Round 1,3,2024-11-05,Cleared,REC011,3
STG001319,CAN00451,REQ1013,Technical Round 2,4,2024-11-11,Rejected – Culture Fit,REC009,2
STG001320,CAN00452,REQ1023,Recruiter Screening,1,2024-10-02,Rejected – Skills,\N,3
STG001321,CAN00453,REQ1009,Recruiter Screening,1,2024-04-22,Cleared,\N,4
STG001322,CAN00453,REQ1009,Profile Submission,2,2024-04-30,Cleared,REC001,4
STG001323,CAN00453,REQ1009,Technical Round 1,3,2024-05-03,Cleared,REC014,5
STG001324,CAN00453,REQ1009,Technical Round 2,4,2024-05-13,Cleared,REC007,5
STG001325,CAN00453,REQ1009,System Design Round,5,2024-05-17,Cleared,REC011,5
STG001326,CAN00453,REQ1009,Panel Round,6,2024-05-23,Rejected – Culture Fit,REC007,3
STG001327,CAN00454,REQ1060,Recruiter Screening,1,2025-02-26,Cleared,\N,5
STG001328,CAN00454,REQ1060,HR Intro Round,2,2025-02-27,Cleared,REC015,5
STG001329,CAN00454,REQ1060,Technical Round 1,3,2025-02-28,Rejected – Skills,REC004,2
STG001330,CAN00455,REQ1042,Recruiter Screening,1,2024-04-23,Cleared,\N,3
STG001331,CAN00455,REQ1042,HR Intro Round,2,2024-04-30,Cleared,REC008,3
STG001332,CAN00455,REQ1042,Technical Round 1,3,2024-05-08,Cleared,REC011,3
STG001333,CAN00455,REQ1042,Hiring Manager Round,4,2024-05-13,Cleared,REC012,3
STG001334,CAN00455,REQ1042,Offer Stage,5,2024-05-20,Rejected – Skills,REC002,2
STG001335,CAN00456,REQ1015,Recruiter Screening,1,2025-06-18,Cleared,\N,4
STG001336,CAN00456,REQ1015,Profile Submission,2,2025-06-23,Cleared,REC015,4
STG001337,CAN00456,REQ1015,Technical Round 1,3,2025-06-27,Cleared,REC007,3
STG001338,CAN00456,REQ1015,Technical Round 2,4,2025-06-30,Cleared,REC011,3
STG001339,CAN00457,REQ1001,Recruiter Screening,1,2025-04-07,Rejected – Skills,\N,3
STG001340,CAN00458,REQ1005,Recruiter Screening,1,2025-01-06,Cleared,\N,3
STG001341,CAN00458,REQ1005,Profile Submission,2,2025-01-20,Cleared,REC009,5
STG001342,CAN00458,REQ1005,Technical Round 1,3,2025-02-03,Cleared,REC001,3
STG001343,CAN00458,REQ1005,Technical Round 2,4,2025-02-18,Cleared,REC003,5
STG001344,CAN00458,REQ1005,Technical Round 3,5,2025-02-19,Cleared,REC006,3
STG001345,CAN00458,REQ1005,System Design Round,6,2025-02-20,Rejected – Skills,REC007,2
STG001346,CAN00459,REQ1001,Recruiter Screening,1,2025-03-10,Cleared,\N,5
STG001347,CAN00459,REQ1001,Profile Submission,2,2025-03-27,Cleared,REC012,5
STG001348,CAN00459,REQ1001,Technical Round 1,3,2025-04-10,Rejected – Culture Fit,REC007,3
STG001349,CAN00460,REQ1033,Recruiter Screening,1,2024-09-06,Rejected – Skills,\N,2
STG001350,CAN00461,REQ1026,Recruiter Screening,1,2024-09-12,Cleared,\N,4
STG001351,CAN00461,REQ1026,Profile Submission,2,2024-09-13,Cleared,REC006,5
STG001352,CAN00461,REQ1026,Technical Round 1,3,2024-09-16,Cleared,REC006,3
STG001353,CAN00461,REQ1026,Technical Round 2,4,2024-09-17,Rejected – Skills,REC013,3
STG001354,CAN00462,REQ1004,Recruiter Screening,1,2025-02-18,Cleared,\N,5
STG001355,CAN00462,REQ1004,Profile Submission,2,2025-03-03,Cleared,REC013,5
STG001356,CAN00462,REQ1004,Technical Round 1,3,2025-03-19,Cleared,REC001,3
STG001357,CAN00462,REQ1004,Technical Round 2,4,2025-04-07,Cleared,REC007,\N
STG001358,CAN00462,REQ1004,Technical Round 3,5,2025-04-18,Cleared,REC010,4
STG001359,CAN00462,REQ1004,System Design Round,6,2025-05-05,Cleared,REC011,3
STG001360,CAN00462,REQ1004,Panel Round,7,2025-05-15,Candidate Ghosted,REC005,\N
STG001361,CAN00463,REQ1007,Recruiter Screening,1,2024-10-09,Cleared,\N,4
STG001362,CAN00463,REQ1007,Profile Submission,2,2024-10-17,Cleared,REC007,4
STG001363,CAN00463,REQ1007,Technical Round 1,3,2024-10-21,Cleared,REC001,5
STG001364,CAN00464,REQ1031,Recruiter Screening,1,2024-10-04,Cleared,\N,3
STG001365,CAN00464,REQ1031,Profile Submission,2,2024-10-08,Cleared,REC012,5
STG001366,CAN00465,REQ1010,Recruiter Screening,1,2025-01-14,Rejected – Skills,\N,1
STG001367,CAN00466,REQ1021,Recruiter Screening,1,2024-11-19,Cleared,\N,4
STG001368,CAN00466,REQ1021,Profile Submission,2,2024-11-22,Cleared,REC015,5
STG001369,CAN00466,REQ1021,Technical Round 1,3,2024-11-28,Cleared,REC009,5
STG001370,CAN00466,REQ1021,Technical Round 2,4,2024-12-02,Cleared,REC006,4
STG001371,CAN00466,REQ1021,System Design Round,5,2024-12-10,Cleared,REC012,4
STG001372,CAN00466,REQ1021,Panel Round,6,2024-12-13,Cleared,REC011,3
STG001373,CAN00466,REQ1021,Founder/CXO Round,7,2024-12-23,Rejected – Culture Fit,REC002,1
STG001374,CAN00467,REQ1005,Recruiter Screening,1,2025-01-03,Cleared,\N,5
STG001375,CAN00467,REQ1005,Profile Submission,2,2025-01-21,Cleared,REC012,4
STG001376,CAN00467,REQ1005,Technical Round 1,3,2025-02-07,Cleared,REC015,3
STG001377,CAN00467,REQ1005,Technical Round 2,4,2025-02-19,Cleared,REC014,4
STG001378,CAN00467,REQ1005,Technical Round 3,5,2025-02-20,Cleared,REC005,3
STG001379,CAN00467,REQ1005,System Design Round,6,2025-02-21,Cleared,REC011,5
STG001380,CAN00467,REQ1005,Panel Round,7,2025-02-24,Cleared,REC002,5
STG001381,CAN00467,REQ1005,Founder/CXO Round,8,2025-02-25,Cleared,REC001,4
STG001382,CAN00467,REQ1005,Reference Check,9,2025-02-26,Rejected – Skills,REC002,2
STG001383,CAN00468,REQ1006,Recruiter Screening,1,2024-05-27,Cleared,\N,3
STG001384,CAN00469,REQ1032,Recruiter Screening,1,2025-05-15,Cleared,\N,3
STG001385,CAN00469,REQ1032,Profile Submission,2,2025-05-23,Cleared,REC004,3
STG001386,CAN00469,REQ1032,Technical Round 1,3,2025-05-26,Cleared,REC004,4
STG001387,CAN00469,REQ1032,Technical Round 2,4,2025-05-29,Cleared,REC012,5
STG001388,CAN00469,REQ1032,System Design Round,5,2025-06-06,Cleared,REC012,3
STG001389,CAN00469,REQ1032,Panel Round,6,2025-06-16,Cleared,REC006,3
STG001390,CAN00469,REQ1032,Offer Stage,7,2025-06-24,Cleared,REC001,5
STG001391,CAN00470,REQ1060,Recruiter Screening,1,2025-02-11,Rejected – Skills,\N,2
STG001392,CAN00471,REQ1001,Recruiter Screening,1,2025-01-23,Cleared,\N,5
STG001393,CAN00471,REQ1001,Profile Submission,2,2025-02-03,Cleared,REC001,3
STG001394,CAN00471,REQ1001,Technical Round 1,3,2025-02-13,Cleared,REC014,\N
STG001395,CAN00471,REQ1001,Technical Round 2,4,2025-02-26,Cleared,REC013,3
STG001396,CAN00471,REQ1001,Hiring Manager Round,5,2025-03-10,Cleared,REC008,4
STG001397,CAN00471,REQ1001,Offer Stage,6,2025-03-27,Rejected – Culture Fit,REC005,\N
STG001398,CAN00472,REQ1059,Recruiter Screening,1,2025-03-03,Rejected – Skills,\N,3
STG001399,CAN00473,REQ1034,Recruiter Screening,1,2024-09-13,Cleared,\N,4
STG001400,CAN00473,REQ1034,Profile Submission,2,2024-09-16,Cleared,REC006,4
STG001401,CAN00473,REQ1034,Technical Round 1,3,2024-09-20,Rejected – Skills,REC011,2
STG001402,CAN00474,REQ1030,Recruiter Screening,1,2025-03-05,Rejected – Skills,\N,2
STG001403,CAN00475,REQ1047,Recruiter Screening,1,2024-03-26,Cleared,\N,4
STG001404,CAN00475,REQ1047,Profile Submission,2,2024-03-27,Rejected – Skills,REC001,1
STG001405,CAN00476,REQ1030,Recruiter Screening,1,2025-02-24,Cleared,\N,4
STG001406,CAN00476,REQ1030,Profile Submission,2,2025-02-27,Cleared,REC002,5
STG001407,CAN00476,REQ1030,Technical Round 1,3,2025-03-03,Cleared,REC011,4
STG001408,CAN00476,REQ1030,Technical Round 2,4,2025-03-06,Cleared,REC013,4
STG001409,CAN00476,REQ1030,System Design Round,5,2025-03-13,Rejected – Skills,REC002,1
STG001410,CAN00477,REQ1043,Recruiter Screening,1,2024-02-06,Cleared,\N,3
STG001411,CAN00477,REQ1043,Profile Submission,2,2024-02-14,Cleared,REC015,3
STG001412,CAN00477,REQ1043,Technical Round 1,3,2024-02-19,Rejected – Compensation Mismatch,REC010,1
STG001413,CAN00478,REQ1040,Recruiter Screening,1,2025-04-28,Cleared,\N,3
STG001414,CAN00478,REQ1040,Profile Submission,2,2025-05-05,Cleared,REC003,5
STG001415,CAN00478,REQ1040,Technical Round 1,3,2025-05-12,Rejected – Skills,REC003,1
STG001416,CAN00479,REQ1033,Recruiter Screening,1,2024-09-17,Rejected – Skills,\N,3
STG001417,CAN00480,REQ1031,Recruiter Screening,1,2024-10-07,Cleared,\N,5
STG001418,CAN00480,REQ1031,Profile Submission,2,2024-10-08,Cleared,REC007,3
STG001419,CAN00481,REQ1055,Recruiter Screening,1,2024-04-22,Cleared,\N,\N
STG001420,CAN00481,REQ1055,Profile Submission,2,2024-04-25,Cleared,REC010,4
STG001421,CAN00481,REQ1055,Technical Round 1,3,2024-05-01,Cleared,REC012,3
STG001422,CAN00481,REQ1055,Technical Round 2,4,2024-05-08,Cleared,REC012,3
STG001423,CAN00481,REQ1055,System Design Round,5,2024-05-13,Cleared,REC003,4
STG001424,CAN00481,REQ1055,Panel Round,6,2024-05-14,Rejected – Compensation Mismatch,REC005,1
STG001425,CAN00482,REQ1049,Recruiter Screening,1,2025-01-14,Rejected – Skills,\N,1
STG001426,CAN00483,REQ1008,Recruiter Screening,1,2024-09-30,Cleared,\N,3
STG001427,CAN00483,REQ1008,HR Intro Round,2,2024-10-07,Cleared,REC014,4
STG001428,CAN00483,REQ1008,Technical Round 1,3,2024-10-15,Cleared,REC001,5
STG001429,CAN00483,REQ1008,Hiring Manager Round,4,2024-10-21,Cleared,REC003,3
STG001430,CAN00483,REQ1008,Offer Stage,5,2024-10-28,Rejected – Skills,REC008,2
STG001431,CAN00484,REQ1021,Recruiter Screening,1,2025-01-15,Cleared,\N,3
STG001432,CAN00484,REQ1021,Profile Submission,2,2025-01-21,Cleared,REC005,3
STG001433,CAN00484,REQ1021,Technical Round 1,3,2025-01-27,Cleared,REC005,5
STG001434,CAN00484,REQ1021,Technical Round 2,4,2025-01-30,Rejected – Skills,REC008,3
STG001435,CAN00485,REQ1048,Recruiter Screening,1,2024-05-20,Cleared,\N,3
STG001436,CAN00485,REQ1048,HR Intro Round,2,2024-05-27,Rejected – Culture Fit,REC002,3
STG001437,CAN00486,REQ1039,Recruiter Screening,1,2025-01-24,Rejected – Skills,\N,3
STG001438,CAN00487,REQ1003,Recruiter Screening,1,2024-08-12,Cleared,\N,5
STG001439,CAN00487,REQ1003,HR Intro Round,2,2024-08-13,Cleared,REC010,5
STG001440,CAN00487,REQ1003,Technical Round 1,3,2024-08-14,Cleared,REC001,3
STG001441,CAN00487,REQ1003,Hiring Manager Round,4,2024-08-15,Rejected – Culture Fit,REC011,1
STG001442,CAN00488,REQ1008,Recruiter Screening,1,2025-04-21,Rejected – Skills,\N,2
STG001443,CAN00489,REQ1055,Recruiter Screening,1,2024-03-27,Cleared,\N,3
STG001444,CAN00489,REQ1055,Profile Submission,2,2024-04-01,Cleared,REC011,3
STG001445,CAN00489,REQ1055,Technical Round 1,3,2024-04-08,Cleared,REC008,4
STG001446,CAN00489,REQ1055,Technical Round 2,4,2024-04-16,Cleared,REC007,3
STG001447,CAN00489,REQ1055,System Design Round,5,2024-04-23,Rejected – Culture Fit,REC001,3
STG001448,CAN00490,REQ1043,Recruiter Screening,1,2024-02-19,Cleared,\N,4
STG001449,CAN00490,REQ1043,Profile Submission,2,2024-02-23,Rejected – Skills,REC011,3
STG001450,CAN00491,REQ1040,Recruiter Screening,1,2025-03-24,Cleared,\N,3
STG001451,CAN00491,REQ1040,Profile Submission,2,2025-03-27,Cleared,REC010,3
STG001452,CAN00491,REQ1040,Technical Round 1,3,2025-03-31,Cleared,REC002,3
STG001453,CAN00491,REQ1040,Technical Round 2,4,2025-04-07,Cleared,REC001,4
STG001454,CAN00491,REQ1040,System Design Round,5,2025-04-11,Rejected – Culture Fit,REC007,2
STG001455,CAN00492,REQ1059,Recruiter Screening,1,2025-02-21,Rejected – Skills,\N,2
STG001456,CAN00493,REQ1058,Recruiter Screening,1,2025-03-25,Cleared,\N,3
STG001457,CAN00493,REQ1058,HR Intro Round,2,2025-03-31,Cleared,REC015,4
STG001458,CAN00493,REQ1058,Technical Round 1,3,2025-04-08,Rejected – Culture Fit,REC002,2
STG001459,CAN00494,REQ1030,Recruiter Screening,1,2025-03-11,Rejected – Skills,\N,1
STG001460,CAN00495,REQ1040,Recruiter Screening,1,2025-02-10,Cleared,\N,3
STG001461,CAN00495,REQ1040,Profile Submission,2,2025-02-13,Rejected – Compensation Mismatch,REC009,1
STG001462,CAN00496,REQ1001,Recruiter Screening,1,2025-01-27,Cleared,\N,3
STG001463,CAN00496,REQ1001,Profile Submission,2,2025-02-11,Cleared,REC004,3
STG001464,CAN00496,REQ1001,Technical Round 1,3,2025-02-24,Cleared,REC012,4
STG001465,CAN00496,REQ1001,Technical Round 2,4,2025-03-14,Cleared,REC001,\N
STG001466,CAN00496,REQ1001,Hiring Manager Round,5,2025-03-27,Rejected – Culture Fit,REC008,1
STG001467,CAN00497,REQ1055,Recruiter Screening,1,2024-04-15,Cleared,\N,5
STG001468,CAN00497,REQ1055,Profile Submission,2,2024-04-18,Cleared,REC008,3
STG001469,CAN00497,REQ1055,Technical Round 1,3,2024-04-26,Rejected – Skills,REC008,1
STG001470,CAN00498,REQ1025,Recruiter Screening,1,2025-02-05,Cleared,\N,3
STG001471,CAN00498,REQ1025,Profile Submission,2,2025-02-10,Rejected – Compensation Mismatch,REC008,3
STG001472,CAN00499,REQ1025,Recruiter Screening,1,2025-01-03,Cleared,\N,5
STG001473,CAN00499,REQ1025,Profile Submission,2,2025-01-07,Cleared,REC011,4
STG001474,CAN00499,REQ1025,Technical Round 1,3,2025-01-13,Candidate Withdrew,REC001,\N
STG001475,CAN00500,REQ1008,Recruiter Screening,1,2024-08-21,Rejected – Skills,\N,1
STG001476,CAN00501,REQ1052,Recruiter Screening,1,2024-11-18,Cleared,\N,4
STG001477,CAN00501,REQ1052,Profile Submission,2,2024-11-19,Rejected – Skills,REC013,2
STG001478,CAN00502,REQ1040,Recruiter Screening,1,2025-02-11,Cleared,\N,5
STG001479,CAN00502,REQ1040,Profile Submission,2,2025-02-17,Candidate Ghosted,REC015,\N
STG001480,CAN00503,REQ1051,Recruiter Screening,1,2024-05-31,Cleared,\N,\N
STG001481,CAN00504,REQ1048,Recruiter Screening,1,2024-04-26,Cleared,\N,3
STG001482,CAN00504,REQ1048,HR Intro Round,2,2024-05-03,Cleared,REC013,4
STG001483,CAN00504,REQ1048,Technical Round 1,3,2024-05-13,Rejected – Skills,REC005,1
STG001484,CAN00505,REQ1046,Recruiter Screening,1,2025-01-13,Cleared,\N,5
STG001485,CAN00505,REQ1046,Profile Submission,2,2025-01-20,Cleared,REC005,3
STG001486,CAN00505,REQ1046,Technical Round 1,3,2025-01-27,Cleared,REC003,4
STG001487,CAN00505,REQ1046,Technical Round 2,4,2025-02-03,Rejected – Culture Fit,REC003,2
STG001488,CAN00506,REQ1036,Recruiter Screening,1,2024-09-18,Cleared,\N,4
STG001489,CAN00506,REQ1036,Profile Submission,2,2024-09-25,Cleared,REC001,3
STG001490,CAN00506,REQ1036,Technical Round 1,3,2024-09-26,On Hold – Panel Unavailable,REC005,\N
STG001491,CAN00507,REQ1038,Recruiter Screening,1,2025-03-10,Cleared,\N,3
STG001492,CAN00507,REQ1038,Profile Submission,2,2025-03-14,Cleared,REC007,5
STG001493,CAN00507,REQ1038,Technical Round 1,3,2025-03-17,Cleared,REC001,3
STG001494,CAN00507,REQ1038,Technical Round 2,4,2025-03-24,Cleared,REC015,4
STG001495,CAN00507,REQ1038,Technical Round 3,5,2025-04-01,Cleared,REC010,4
STG001496,CAN00507,REQ1038,System Design Round,6,2025-04-04,Cleared,REC015,3
STG001497,CAN00507,REQ1038,Panel Round,7,2025-04-11,Cleared,REC009,4
STG001498,CAN00507,REQ1038,Founder/CXO Round,8,2025-04-21,Rejected – Culture Fit,REC012,3
STG001499,CAN00508,REQ1055,Recruiter Screening,1,2024-04-09,Cleared,\N,3
STG001500,CAN00508,REQ1055,Profile Submission,2,2024-04-16,Cleared,REC012,5
STG001501,CAN00508,REQ1055,Technical Round 1,3,2024-04-22,Cleared,REC013,5
STG001502,CAN00508,REQ1055,Technical Round 2,4,2024-04-25,Cleared,REC008,5
STG001503,CAN00508,REQ1055,System Design Round,5,2024-04-30,Cleared,REC015,4
STG001504,CAN00508,REQ1055,Panel Round,6,2024-05-06,Cleared,REC004,4
STG001505,CAN00508,REQ1055,Offer Stage,7,2024-05-13,Cleared,REC004,5
STG001506,CAN00509,REQ1008,Recruiter Screening,1,2025-06-11,Cleared,\N,5
STG001507,CAN00509,REQ1008,HR Intro Round,2,2025-06-18,Cleared,REC006,4
STG001508,CAN00509,REQ1008,Technical Round 1,3,2025-06-23,Cleared,REC003,5
STG001509,CAN00509,REQ1008,Hiring Manager Round,4,2025-06-30,Cleared,REC015,3
STG001510,CAN00510,REQ1011,Recruiter Screening,1,2024-02-05,Req Cancelled Mid-Process,\N,\N
STG001511,CAN00511,REQ1046,Recruiter Screening,1,2025-02-03,Rejected – Skills,\N,2
STG001512,CAN00512,REQ1005,Recruiter Screening,1,2025-02-14,Cleared,\N,5
STG001513,CAN00512,REQ1005,Profile Submission,2,2025-02-24,Cleared,REC015,4
STG001514,CAN00512,REQ1005,Technical Round 1,3,2025-02-25,Cleared,REC005,4
STG001515,CAN00512,REQ1005,Technical Round 2,4,2025-02-26,Rejected – Skills,REC013,3
STG001516,CAN00513,REQ1046,Recruiter Screening,1,2024-12-30,Cleared,\N,5
STG001517,CAN00513,REQ1046,Profile Submission,2,2025-01-06,Candidate Withdrew,REC002,\N
STG001518,CAN00514,REQ1028,Recruiter Screening,1,2025-03-17,Rejected – Skills,\N,2
STG001519,CAN00515,REQ1039,Recruiter Screening,1,2025-01-02,Cleared,\N,4
STG001520,CAN00515,REQ1039,Profile Submission,2,2025-01-06,Cleared,REC005,4
STG001521,CAN00515,REQ1039,Technical Round 1,3,2025-01-13,Cleared,REC015,4
STG001522,CAN00515,REQ1039,Technical Round 2,4,2025-01-20,On Hold – Panel Unavailable,REC013,\N
STG001523,CAN00516,REQ1028,Recruiter Screening,1,2025-02-24,Cleared,\N,5
STG001524,CAN00516,REQ1028,Profile Submission,2,2025-03-03,Rejected – Skills,REC006,1
STG001525,CAN00517,REQ1019,Recruiter Screening,1,2024-06-10,Req Cancelled Mid-Process,\N,\N
STG001526,CAN00518,REQ1034,Recruiter Screening,1,2024-10-22,Cleared,\N,4
STG001527,CAN00518,REQ1034,Profile Submission,2,2024-10-23,Cleared,REC012,3
STG001528,CAN00518,REQ1034,Technical Round 1,3,2024-10-28,Rejected – Skills,REC006,3
STG001529,CAN00519,REQ1049,Recruiter Screening,1,2025-05-05,Rejected – Skills,\N,2
STG001530,CAN00520,REQ1017,Recruiter Screening,1,2024-11-15,Cleared,\N,3
STG001531,CAN00520,REQ1017,Profile Submission,2,2024-11-25,Cleared,REC014,4
STG001532,CAN00521,REQ1039,Recruiter Screening,1,2025-01-01,Cleared,\N,4
STG001533,CAN00521,REQ1039,Profile Submission,2,2025-01-08,Cleared,REC007,3
STG001534,CAN00521,REQ1039,Technical Round 1,3,2025-01-16,Cleared,REC004,5
STG001535,CAN00521,REQ1039,Technical Round 2,4,2025-01-24,Cleared,REC015,3
STG001536,CAN00521,REQ1039,System Design Round,5,2025-01-27,Rejected – Culture Fit,REC008,3
STG001537,CAN00522,REQ1003,Recruiter Screening,1,2024-08-12,Cleared,\N,3
STG001538,CAN00522,REQ1003,HR Intro Round,2,2024-08-13,Cleared,REC011,4
STG001539,CAN00522,REQ1003,Technical Round 1,3,2024-08-14,Cleared,REC013,3
STG001540,CAN00522,REQ1003,Hiring Manager Round,4,2024-08-15,Rejected – Skills,REC007,3
STG001541,CAN00523,REQ1021,Recruiter Screening,1,2024-11-11,Cleared,\N,4
STG001542,CAN00523,REQ1021,Profile Submission,2,2024-11-18,Cleared,REC005,3
STG001543,CAN00523,REQ1021,Technical Round 1,3,2024-11-25,Rejected – Skills,REC005,1
STG001544,CAN00524,REQ1058,Recruiter Screening,1,2025-02-21,Cleared,\N,5
STG001545,CAN00524,REQ1058,HR Intro Round,2,2025-02-26,Cleared,REC001,5
STG001546,CAN00524,REQ1058,Technical Round 1,3,2025-03-04,Cleared,REC013,4
STG001547,CAN00524,REQ1058,Hiring Manager Round,4,2025-03-11,Cleared,REC006,3
STG001548,CAN00524,REQ1058,Offer Stage,5,2025-03-18,Cleared,REC007,5
STG001549,CAN00525,REQ1055,Recruiter Screening,1,2024-03-27,Cleared,\N,4
STG001550,CAN00525,REQ1055,Profile Submission,2,2024-04-01,Cleared,REC004,5
STG001551,CAN00525,REQ1055,Technical Round 1,3,2024-04-04,Cleared,REC011,4
STG001552,CAN00525,REQ1055,Technical Round 2,4,2024-04-10,Cleared,REC014,4
STG001553,CAN00525,REQ1055,System Design Round,5,2024-04-15,Cleared,REC013,5
STG001554,CAN00525,REQ1055,Panel Round,6,2024-04-23,Cleared,REC010,5
STG001555,CAN00525,REQ1055,Offer Stage,7,2024-04-29,Cleared,REC004,4
STG001556,CAN00526,REQ1008,Recruiter Screening,1,2025-03-26,Cleared,\N,4
STG001557,CAN00526,REQ1008,HR Intro Round,2,2025-04-02,Cleared,REC009,5
STG001558,CAN00526,REQ1008,Technical Round 1,3,2025-04-09,Cleared,REC012,4
STG001559,CAN00526,REQ1008,Hiring Manager Round,4,2025-04-15,Candidate Withdrew,REC013,\N
STG001560,CAN00527,REQ1056,Recruiter Screening,1,2025-04-08,Cleared,\N,4
STG001561,CAN00527,REQ1056,Profile Submission,2,2025-04-14,Cleared,REC002,3
STG001562,CAN00527,REQ1056,Technical Round 1,3,2025-04-21,Cleared,REC010,4
STG001563,CAN00527,REQ1056,Technical Round 2,4,2025-04-25,Cleared,REC009,4
STG001564,CAN00527,REQ1056,System Design Round,5,2025-05-05,Rejected – Compensation Mismatch,REC013,1
STG001565,CAN00528,REQ1051,Recruiter Screening,1,2024-05-27,Cleared,\N,5
STG001566,CAN00528,REQ1051,Profile Submission,2,2024-05-31,Rejected – Skills,REC011,2
STG001567,CAN00529,REQ1032,Recruiter Screening,1,2025-04-21,Cleared,\N,3
STG001568,CAN00529,REQ1032,Profile Submission,2,2025-04-25,Cleared,REC008,3
STG001569,CAN00529,REQ1032,Technical Round 1,3,2025-04-28,Cleared,REC011,3
STG001570,CAN00529,REQ1032,Technical Round 2,4,2025-05-05,Cleared,REC007,5
STG001571,CAN00529,REQ1032,System Design Round,5,2025-05-12,Cleared,REC012,4
STG001572,CAN00529,REQ1032,Panel Round,6,2025-05-20,Cleared,REC010,4
STG001573,CAN00529,REQ1032,Offer Stage,7,2025-05-28,Cleared,REC004,5
STG001574,CAN00530,REQ1028,Recruiter Screening,1,2025-06-26,Cleared,\N,3
STG001575,CAN00530,REQ1028,Profile Submission,2,2025-06-27,Cleared,REC012,4
STG001576,CAN00530,REQ1028,Technical Round 1,3,2025-06-30,Cleared,REC006,4
STG001577,CAN00531,REQ1035,Recruiter Screening,1,2024-07-10,Cleared,\N,4
STG001578,CAN00531,REQ1035,Profile Submission,2,2024-07-15,Rejected – Skills,REC012,3
STG001579,CAN00532,REQ1030,Recruiter Screening,1,2025-03-14,Cleared,\N,3
STG001580,CAN00532,REQ1030,Profile Submission,2,2025-03-17,Rejected – Skills,REC010,2
STG001581,CAN00533,REQ1010,Recruiter Screening,1,2024-12-19,Cleared,\N,5
STG001582,CAN00533,REQ1010,Profile Submission,2,2024-12-26,Cleared,REC001,3
STG001583,CAN00533,REQ1010,Technical Round 1,3,2024-12-30,On Hold – Panel Unavailable,REC002,\N
STG001584,CAN00534,REQ1050,Recruiter Screening,1,2024-05-20,Cleared,\N,5
STG001585,CAN00534,REQ1050,HR Intro Round,2,2024-05-27,Cleared,REC004,3
STG001586,CAN00534,REQ1050,Technical Round 1,3,2024-06-03,Cleared,REC008,5
STG001587,CAN00534,REQ1050,Hiring Manager Round,4,2024-06-10,Cleared,REC002,5
STG001588,CAN00534,REQ1050,Offer Stage,5,2024-06-17,Rejected – Culture Fit,REC014,3
STG001589,CAN00535,REQ1055,Recruiter Screening,1,2024-05-08,Cleared,\N,4
STG001590,CAN00535,REQ1055,Profile Submission,2,2024-05-09,Cleared,REC014,4
STG001591,CAN00535,REQ1055,Technical Round 1,3,2024-05-15,Rejected – Skills,REC004,2
STG001592,CAN00536,REQ1009,Recruiter Screening,1,2024-10-28,Cleared,\N,4
STG001593,CAN00536,REQ1009,Profile Submission,2,2024-11-04,Cleared,REC009,4
STG001594,CAN00536,REQ1009,Technical Round 1,3,2024-11-07,Cleared,REC011,4
STG001595,CAN00536,REQ1009,Technical Round 2,4,2024-11-13,Cleared,REC012,\N
STG001596,CAN00536,REQ1009,System Design Round,5,2024-11-18,Cleared,REC014,5
STG001597,CAN00536,REQ1009,Panel Round,6,2024-11-21,Rejected – Compensation Mismatch,REC011,3
STG001598,CAN00537,REQ1037,Recruiter Screening,1,2024-08-30,Cleared,\N,3
STG001599,CAN00537,REQ1037,Profile Submission,2,2024-09-11,Rejected – Culture Fit,REC014,2
STG001600,CAN00538,REQ1024,Recruiter Screening,1,2024-06-12,Cleared,\N,3
STG001601,CAN00538,REQ1024,Profile Submission,2,2024-06-17,Rejected – Culture Fit,REC003,3
STG001602,CAN00539,REQ1003,Recruiter Screening,1,2024-06-28,Cleared,\N,3
STG001603,CAN00539,REQ1003,HR Intro Round,2,2024-07-15,Cleared,REC009,5
STG001604,CAN00539,REQ1003,Technical Round 1,3,2024-07-31,Cleared,REC005,3
STG001605,CAN00539,REQ1003,Hiring Manager Round,4,2024-08-14,Cleared,REC010,4
STG001606,CAN00539,REQ1003,Offer Stage,5,2024-08-15,Cleared,REC015,3
STG001607,CAN00540,REQ1003,Recruiter Screening,1,2024-06-24,Cleared,\N,4
STG001608,CAN00540,REQ1003,HR Intro Round,2,2024-07-04,Cleared,REC003,4
STG001609,CAN00540,REQ1003,Technical Round 1,3,2024-07-19,Cleared,REC015,4
STG001610,CAN00540,REQ1003,Hiring Manager Round,4,2024-08-01,Cleared,REC008,5
STG001611,CAN00540,REQ1003,Offer Stage,5,2024-08-15,Cleared,REC006,4
STG001612,CAN00541,REQ1011,Recruiter Screening,1,2024-03-04,Cleared,\N,4
STG001613,CAN00541,REQ1011,Profile Submission,2,2024-03-07,Cleared,REC001,4
STG001614,CAN00541,REQ1011,Technical Round 1,3,2024-03-11,Cleared,REC010,4
STG001615,CAN00542,REQ1009,Recruiter Screening,1,2025-01-27,Cleared,\N,3
STG001616,CAN00542,REQ1009,Profile Submission,2,2025-01-31,Cleared,REC015,5
STG001617,CAN00542,REQ1009,Technical Round 1,3,2025-02-03,Cleared,REC008,3
STG001618,CAN00542,REQ1009,Technical Round 2,4,2025-02-10,Cleared,REC008,5
STG001619,CAN00542,REQ1009,System Design Round,5,2025-02-17,Rejected – Skills,REC008,2
STG001620,CAN00543,REQ1031,Recruiter Screening,1,2024-09-23,Rejected – Skills,\N,3
STG001621,CAN00544,REQ1046,Recruiter Screening,1,2025-01-27,Cleared,\N,4
STG001622,CAN00544,REQ1046,Profile Submission,2,2025-02-03,Candidate Ghosted,REC009,\N
STG001623,CAN00545,REQ1035,Recruiter Screening,1,2024-07-29,Cleared,\N,4
STG001624,CAN00545,REQ1035,Profile Submission,2,2024-07-30,Cleared,REC003,5
STG001625,CAN00545,REQ1035,Technical Round 1,3,2024-07-31,Rejected – Compensation Mismatch,REC003,1
STG001626,CAN00546,REQ1005,Recruiter Screening,1,2025-01-21,Cleared,\N,3
STG001627,CAN00546,REQ1005,Profile Submission,2,2025-02-07,Cleared,REC015,3
STG001628,CAN00546,REQ1005,Technical Round 1,3,2025-02-24,Rejected – Skills,REC004,3
STG001629,CAN00547,REQ1017,Recruiter Screening,1,2024-11-05,Rejected – Skills,\N,3
STG001630,CAN00548,REQ1025,Recruiter Screening,1,2025-03-07,Rejected – Skills,\N,1
STG001631,CAN00549,REQ1002,Recruiter Screening,1,2024-12-05,Rejected – Skills,\N,1
STG001632,CAN00550,REQ1036,Recruiter Screening,1,2024-08-21,Cleared,\N,4
STG001633,CAN00550,REQ1036,Profile Submission,2,2024-08-27,Cleared,REC007,4
STG001634,CAN00550,REQ1036,Technical Round 1,3,2024-09-02,Cleared,REC008,3
STG001635,CAN00550,REQ1036,Technical Round 2,4,2024-09-05,Cleared,REC014,5
STG001636,CAN00550,REQ1036,System Design Round,5,2024-09-11,Rejected – Culture Fit,REC003,2
STG001637,CAN00551,REQ1054,Recruiter Screening,1,2025-05-12,Cleared,\N,5
STG001638,CAN00551,REQ1054,Profile Submission,2,2025-05-15,Cleared,REC009,4
STG001639,CAN00551,REQ1054,Technical Round 1,3,2025-05-20,Rejected – Skills,REC006,3
STG001640,CAN00552,REQ1009,Recruiter Screening,1,2025-05-19,Cleared,\N,5
STG001641,CAN00552,REQ1009,Profile Submission,2,2025-05-26,Cleared,REC014,5
STG001642,CAN00552,REQ1009,Technical Round 1,3,2025-06-02,Cleared,REC002,3
STG001643,CAN00552,REQ1009,Technical Round 2,4,2025-06-09,Cleared,REC011,5
STG001644,CAN00552,REQ1009,System Design Round,5,2025-06-16,Cleared,REC013,4
STG001645,CAN00552,REQ1009,Panel Round,6,2025-06-19,Cleared,REC007,4
STG001646,CAN00552,REQ1009,Offer Stage,7,2025-06-23,Cleared,REC010,3
STG001647,CAN00553,REQ1028,Recruiter Screening,1,2025-06-10,Cleared,\N,5
STG001648,CAN00553,REQ1028,Profile Submission,2,2025-06-17,Cleared,REC006,4
STG001649,CAN00553,REQ1028,Technical Round 1,3,2025-06-20,Cleared,REC013,5
STG001650,CAN00553,REQ1028,Technical Round 2,4,2025-06-23,Cleared,REC002,\N
STG001651,CAN00553,REQ1028,System Design Round,5,2025-06-30,Interview No-Show,REC012,\N
STG001652,CAN00554,REQ1056,Recruiter Screening,1,2025-03-24,Cleared,\N,4
STG001653,CAN00554,REQ1056,Profile Submission,2,2025-03-31,Cleared,REC012,3
STG001654,CAN00554,REQ1056,Technical Round 1,3,2025-04-03,Cleared,REC005,4
STG001655,CAN00554,REQ1056,Technical Round 2,4,2025-04-11,Rejected – Skills,REC011,3
STG001656,CAN00555,REQ1020,Recruiter Screening,1,2024-06-17,Cleared,\N,4
STG001657,CAN00555,REQ1020,HR Intro Round,2,2024-06-24,Rejected – Skills,REC004,1
STG001658,CAN00556,REQ1028,Recruiter Screening,1,2025-01-06,Cleared,\N,4
STG001659,CAN00556,REQ1028,Profile Submission,2,2025-01-14,Cleared,REC015,4
STG001660,CAN00556,REQ1028,Technical Round 1,3,2025-01-21,Cleared,REC014,4
STG001661,CAN00556,REQ1028,Technical Round 2,4,2025-01-27,Cleared,REC004,4
STG001662,CAN00556,REQ1028,System Design Round,5,2025-02-03,Rejected – Skills,REC007,2
STG001663,CAN00557,REQ1035,Recruiter Screening,1,2024-07-11,Cleared,\N,\N
STG001664,CAN00557,REQ1035,Profile Submission,2,2024-07-16,Cleared,REC011,4
STG001665,CAN00557,REQ1035,Technical Round 1,3,2024-07-22,Cleared,REC010,3
STG001666,CAN00557,REQ1035,Technical Round 2,4,2024-07-29,Cleared,REC013,3
STG001667,CAN00557,REQ1035,System Design Round,5,2024-07-30,Cleared,REC007,3
STG001668,CAN00557,REQ1035,Panel Round,6,2024-07-31,Cleared,REC002,3
STG001669,CAN00558,REQ1010,Recruiter Screening,1,2025-02-04,Rejected – Skills,\N,2
STG001670,CAN00559,REQ1040,Recruiter Screening,1,2025-05-22,Rejected – Skills,\N,2
STG001671,CAN00560,REQ1021,Recruiter Screening,1,2024-12-30,Rejected – Skills,\N,2
STG001672,CAN00561,REQ1060,Recruiter Screening,1,2025-02-25,Rejected – Skills,\N,3
STG001673,CAN00562,REQ1030,Recruiter Screening,1,2025-03-05,Cleared,\N,5
STG001674,CAN00562,REQ1030,Profile Submission,2,2025-03-10,Cleared,REC002,5
STG001675,CAN00562,REQ1030,Technical Round 1,3,2025-03-17,Cleared,REC007,5
STG001676,CAN00562,REQ1030,Technical Round 2,4,2025-03-24,Cleared,REC008,3
STG001677,CAN00562,REQ1030,System Design Round,5,2025-03-25,Rejected – Skills,REC015,2
STG001678,CAN00563,REQ1044,Recruiter Screening,1,2025-02-03,Cleared,\N,4
STG001679,CAN00563,REQ1044,Profile Submission,2,2025-02-07,Rejected – Compensation Mismatch,REC011,3
STG001680,CAN00564,REQ1043,Recruiter Screening,1,2024-04-09,Rejected – Skills,\N,1
STG001681,CAN00565,REQ1030,Recruiter Screening,1,2025-03-25,Cleared,\N,5
STG001682,CAN00566,REQ1017,Recruiter Screening,1,2024-11-07,Cleared,\N,5
STG001683,CAN00566,REQ1017,Profile Submission,2,2024-11-15,Cleared,REC002,3
STG001684,CAN00566,REQ1017,Technical Round 1,3,2024-11-19,Rejected – Culture Fit,REC013,3
STG001685,CAN00567,REQ1011,Recruiter Screening,1,2024-02-16,Req Cancelled Mid-Process,\N,\N
STG001686,CAN00568,REQ1006,Recruiter Screening,1,2024-05-21,Cleared,\N,4
STG001687,CAN00568,REQ1006,Profile Submission,2,2024-05-22,Rejected – Skills,REC001,3
STG001688,CAN00569,REQ1036,Recruiter Screening,1,2024-08-20,Cleared,\N,3
STG001689,CAN00569,REQ1036,Profile Submission,2,2024-08-27,Cleared,REC011,4
STG001690,CAN00569,REQ1036,Technical Round 1,3,2024-09-02,Cleared,REC003,3
STG001691,CAN00569,REQ1036,Technical Round 2,4,2024-09-09,Cleared,REC004,5
STG001692,CAN00569,REQ1036,System Design Round,5,2024-09-12,Rejected – Compensation Mismatch,REC010,1
STG001693,CAN00570,REQ1009,Recruiter Screening,1,2024-08-26,Rejected – Skills,\N,3
STG001694,CAN00571,REQ1051,Recruiter Screening,1,2024-05-28,Req Cancelled Mid-Process,\N,\N
STG001695,CAN00572,REQ1046,Recruiter Screening,1,2024-12-09,Cleared,\N,5
STG001696,CAN00572,REQ1046,Profile Submission,2,2024-12-12,Cleared,REC010,4
STG001697,CAN00572,REQ1046,Technical Round 1,3,2024-12-20,Rejected – Compensation Mismatch,REC015,3
STG001698,CAN00573,REQ1037,Recruiter Screening,1,2024-09-03,Cleared,\N,5
STG001699,CAN00573,REQ1037,Profile Submission,2,2024-09-04,Rejected – Compensation Mismatch,REC008,1
STG001700,CAN00574,REQ1020,Recruiter Screening,1,2024-06-07,Cleared,\N,5
STG001701,CAN00574,REQ1020,HR Intro Round,2,2024-06-12,Cleared,REC012,3
STG001702,CAN00574,REQ1020,Technical Round 1,3,2024-06-17,Candidate Ghosted,REC003,\N
STG001703,CAN00575,REQ1013,Recruiter Screening,1,2024-09-26,Cleared,\N,4
STG001704,CAN00575,REQ1013,Profile Submission,2,2024-10-04,Cleared,REC002,4
STG001705,CAN00575,REQ1013,Technical Round 1,3,2024-10-10,Cleared,REC010,3
STG001706,CAN00575,REQ1013,Technical Round 2,4,2024-10-16,Cleared,REC014,4
STG001707,CAN00575,REQ1013,Technical Round 3,5,2024-10-21,Rejected – Skills,REC004,3
STG001708,CAN00576,REQ1057,Recruiter Screening,1,2024-11-22,Cleared,\N,4
STG001709,CAN00576,REQ1057,Profile Submission,2,2024-12-02,Cleared,REC006,3
STG001710,CAN00576,REQ1057,Technical Round 1,3,2024-12-09,Cleared,REC008,5
STG001711,CAN00576,REQ1057,Technical Round 2,4,2024-12-12,Candidate Ghosted,REC003,\N
STG001712,CAN00577,REQ1038,Recruiter Screening,1,2024-09-13,Cleared,\N,4
STG001713,CAN00577,REQ1038,Profile Submission,2,2024-09-16,Rejected – Compensation Mismatch,REC011,3
STG001714,CAN00578,REQ1048,Recruiter Screening,1,2024-05-08,Cleared,\N,5
STG001715,CAN00578,REQ1048,HR Intro Round,2,2024-05-13,Cleared,REC004,3
STG001716,CAN00578,REQ1048,Technical Round 1,3,2024-05-20,Rejected – Skills,REC011,3
STG001717,CAN00579,REQ1028,Recruiter Screening,1,2025-03-25,Cleared,\N,4
STG001718,CAN00579,REQ1028,Profile Submission,2,2025-03-31,Cleared,REC006,5
STG001719,CAN00579,REQ1028,Technical Round 1,3,2025-04-08,Cleared,REC007,5
STG001720,CAN00579,REQ1028,Technical Round 2,4,2025-04-14,Cleared,REC007,3
STG001721,CAN00579,REQ1028,System Design Round,5,2025-04-21,Rejected – Skills,REC013,2
STG001722,CAN00580,REQ1041,Recruiter Screening,1,2024-07-15,Cleared,\N,4
STG001723,CAN00580,REQ1041,HR Intro Round,2,2024-07-22,Cleared,REC010,3
STG001724,CAN00580,REQ1041,Technical Round 1,3,2024-07-29,Cleared,REC004,3
STG001725,CAN00580,REQ1041,Hiring Manager Round,4,2024-08-02,Cleared,REC010,5
STG001726,CAN00580,REQ1041,Offer Stage,5,2024-08-08,Candidate Withdrew,REC001,\N
STG001727,CAN00581,REQ1010,Recruiter Screening,1,2025-06-19,Cleared,\N,5
STG001728,CAN00581,REQ1010,Profile Submission,2,2025-06-24,Cleared,REC003,4
STG001729,CAN00581,REQ1010,Technical Round 1,3,2025-06-25,Cleared,REC007,5
STG001730,CAN00581,REQ1010,Technical Round 2,4,2025-06-30,Rejected – Culture Fit,REC004,3
STG001731,CAN00582,REQ1016,Recruiter Screening,1,2024-11-04,Cleared,\N,3
STG001732,CAN00582,REQ1016,Profile Submission,2,2024-11-05,Rejected – Skills,REC015,2
STG001733,CAN00583,REQ1050,Recruiter Screening,1,2024-05-24,Cleared,\N,4
STG001734,CAN00583,REQ1050,HR Intro Round,2,2024-05-31,Rejected – Skills,REC011,1
STG001735,CAN00584,REQ1057,Recruiter Screening,1,2025-03-14,Cleared,\N,3
STG001736,CAN00584,REQ1057,Profile Submission,2,2025-03-21,Rejected – Culture Fit,REC008,3
STG001737,CAN00585,REQ1025,Recruiter Screening,1,2025-03-06,Cleared,\N,5
STG001738,CAN00585,REQ1025,Profile Submission,2,2025-03-10,Cleared,REC004,5
STG001739,CAN00585,REQ1025,Technical Round 1,3,2025-03-13,Rejected – Skills,REC008,2
STG001740,CAN00586,REQ1045,Recruiter Screening,1,2024-07-01,Cleared,\N,4
STG001741,CAN00586,REQ1045,Profile Submission,2,2024-07-11,Cleared,REC014,5
STG001742,CAN00586,REQ1045,Technical Round 1,3,2024-07-29,Cleared,REC003,4
STG001743,CAN00586,REQ1045,Technical Round 2,4,2024-08-12,Rejected – Culture Fit,REC009,2
STG001744,CAN00587,REQ1049,Recruiter Screening,1,2025-06-27,Cleared,\N,3
STG001745,CAN00587,REQ1049,HR Intro Round,2,2025-06-30,Cleared,REC013,3
STG001746,CAN00588,REQ1060,Recruiter Screening,1,2025-02-07,Cleared,\N,\N
STG001747,CAN00588,REQ1060,HR Intro Round,2,2025-02-20,Candidate Ghosted,REC004,\N
STG001748,CAN00589,REQ1028,Recruiter Screening,1,2025-01-02,Cleared,\N,5
STG001749,CAN00589,REQ1028,Profile Submission,2,2025-01-06,Cleared,REC004,4
STG001750,CAN00589,REQ1028,Technical Round 1,3,2025-01-10,Rejected – Culture Fit,REC002,1
STG001751,CAN00590,REQ1003,Recruiter Screening,1,2024-08-13,Cleared,\N,3
STG001752,CAN00590,REQ1003,HR Intro Round,2,2024-08-14,On Hold – Panel Unavailable,REC013,\N
STG001753,CAN00591,REQ1033,Recruiter Screening,1,2024-09-30,Cleared,\N,3
STG001754,CAN00592,REQ1024,Recruiter Screening,1,2024-06-20,Rejected – Skills,\N,1
STG001755,CAN00593,REQ1003,Recruiter Screening,1,2024-07-30,Cleared,\N,4
STG001756,CAN00593,REQ1003,HR Intro Round,2,2024-08-09,Cleared,REC011,5
STG001757,CAN00593,REQ1003,Technical Round 1,3,2024-08-12,Cleared,REC007,3
STG001758,CAN00593,REQ1003,Hiring Manager Round,4,2024-08-13,Cleared,REC012,3
STG001759,CAN00593,REQ1003,Offer Stage,5,2024-08-14,Cleared,REC001,3
STG001760,CAN00594,REQ1008,Recruiter Screening,1,2024-08-16,Cleared,\N,5
STG001761,CAN00594,REQ1008,HR Intro Round,2,2024-08-23,Cleared,REC015,4
STG001762,CAN00594,REQ1008,Technical Round 1,3,2024-08-27,Cleared,REC002,\N
STG001763,CAN00594,REQ1008,Hiring Manager Round,4,2024-09-02,Cleared,REC008,5
STG001764,CAN00594,REQ1008,Offer Stage,5,2024-09-06,Rejected – Compensation Mismatch,REC005,1
STG001765,CAN00595,REQ1011,Recruiter Screening,1,2024-03-11,Cleared,\N,5
STG001766,CAN00596,REQ1046,Recruiter Screening,1,2025-01-02,Cleared,\N,4
STG001767,CAN00596,REQ1046,Profile Submission,2,2025-01-09,Cleared,REC012,3
STG001768,CAN00596,REQ1046,Technical Round 1,3,2025-01-17,Cleared,REC011,4
STG001769,CAN00596,REQ1046,Technical Round 2,4,2025-01-24,Cleared,REC013,4
STG001770,CAN00596,REQ1046,System Design Round,5,2025-01-28,Cleared,REC010,3
STG001771,CAN00596,REQ1046,Panel Round,6,2025-02-05,Candidate Withdrew,REC001,\N
STG001772,CAN00597,REQ1015,Recruiter Screening,1,2025-06-20,Cleared,\N,3
STG001773,CAN00597,REQ1015,Profile Submission,2,2025-06-26,Cleared,REC014,4
STG001774,CAN00597,REQ1015,Technical Round 1,3,2025-06-27,Cleared,REC007,5
STG001775,CAN00597,REQ1015,Technical Round 2,4,2025-06-30,On Hold – Panel Unavailable,REC008,\N
STG001776,CAN00598,REQ1017,Recruiter Screening,1,2024-11-15,Cleared,\N,4
STG001777,CAN00598,REQ1017,Profile Submission,2,2024-11-22,Cleared,REC013,4
STG001778,CAN00598,REQ1017,Technical Round 1,3,2024-11-25,Cleared,REC011,4
STG001779,CAN00599,REQ1027,Recruiter Screening,1,2025-03-04,Cleared,\N,4
STG001780,CAN00599,REQ1027,Profile Submission,2,2025-03-10,Cleared,REC002,\N
STG001781,CAN00599,REQ1027,Technical Round 1,3,2025-03-17,Cleared,REC004,5
STG001782,CAN00599,REQ1027,Technical Round 2,4,2025-03-21,Rejected – Culture Fit,REC004,1
STG001783,CAN00600,REQ1018,Recruiter Screening,1,2024-05-14,Cleared,\N,5
STG001784,CAN00600,REQ1018,Profile Submission,2,2024-05-20,Cleared,REC011,3
STG001785,CAN00600,REQ1018,Technical Round 1,3,2024-05-21,Rejected – Compensation Mismatch,REC003,3
STG001786,CAN00601,REQ1022,Recruiter Screening,1,2024-07-22,Rejected – Skills,\N,2
STG001787,CAN00602,REQ1038,Recruiter Screening,1,2024-11-21,Cleared,\N,5
STG001788,CAN00602,REQ1038,Profile Submission,2,2024-11-28,Cleared,REC003,4
STG001789,CAN00602,REQ1038,Technical Round 1,3,2024-12-02,Cleared,REC007,3
STG001790,CAN00602,REQ1038,Technical Round 2,4,2024-12-06,Rejected – Skills,REC004,1
STG001791,CAN00603,REQ1004,Recruiter Screening,1,2024-11-26,Cleared,\N,4
STG001792,CAN00603,REQ1004,Profile Submission,2,2024-12-11,Cleared,REC009,4
STG001793,CAN00603,REQ1004,Technical Round 1,3,2024-12-23,Rejected – Culture Fit,REC011,1
STG001794,CAN00604,REQ1048,Recruiter Screening,1,2024-05-16,Cleared,\N,3
STG001795,CAN00604,REQ1048,HR Intro Round,2,2024-05-22,Rejected – Skills,REC008,3
STG001796,CAN00605,REQ1001,Recruiter Screening,1,2025-06-23,Cleared,\N,\N
STG001797,CAN00605,REQ1001,Profile Submission,2,2025-06-24,Cleared,REC014,4
STG001798,CAN00605,REQ1001,Technical Round 1,3,2025-06-25,Cleared,REC014,4
STG001799,CAN00605,REQ1001,Technical Round 2,4,2025-06-26,Rejected – Compensation Mismatch,REC007,2
STG001800,CAN00606,REQ1021,Recruiter Screening,1,2025-02-03,Cleared,\N,4
STG001801,CAN00606,REQ1021,Profile Submission,2,2025-02-06,On Hold – Panel Unavailable,REC014,\N
STG001802,CAN00607,REQ1030,Recruiter Screening,1,2025-03-24,Cleared,\N,5
STG001803,CAN00607,REQ1030,Profile Submission,2,2025-03-25,Cleared,REC006,3
STG001804,CAN00608,REQ1002,Recruiter Screening,1,2024-12-13,Cleared,\N,5
STG001805,CAN00608,REQ1002,Profile Submission,2,2024-12-30,Rejected – Skills,REC003,3
STG001806,CAN00609,REQ1045,Recruiter Screening,1,2024-12-24,Cleared,\N,3
STG001807,CAN00609,REQ1045,Profile Submission,2,2025-01-07,Cleared,REC012,4
STG001808,CAN00609,REQ1045,Technical Round 1,3,2025-01-21,Rejected – Skills,REC013,3
STG001809,CAN00610,REQ1023,Recruiter Screening,1,2025-02-25,Cleared,\N,3
STG001810,CAN00610,REQ1023,HR Intro Round,2,2025-03-03,Rejected – Culture Fit,REC002,3
STG001811,CAN00611,REQ1044,Recruiter Screening,1,2025-02-04,Cleared,\N,4
STG001812,CAN00611,REQ1044,Profile Submission,2,2025-02-10,Rejected – Skills,REC001,2
STG001813,CAN00612,REQ1049,Recruiter Screening,1,2025-03-03,Cleared,\N,5
STG001814,CAN00612,REQ1049,HR Intro Round,2,2025-03-06,Cleared,REC015,5
STG001815,CAN00612,REQ1049,Technical Round 1,3,2025-03-14,Cleared,REC006,5
STG001816,CAN00612,REQ1049,Hiring Manager Round,4,2025-03-21,Cleared,REC002,4
STG001817,CAN00612,REQ1049,Offer Stage,5,2025-03-31,Rejected – Skills,REC010,2
STG001818,CAN00613,REQ1054,Recruiter Screening,1,2024-12-30,Cleared,\N,4
STG001819,CAN00613,REQ1054,Profile Submission,2,2025-01-03,Rejected – Culture Fit,REC004,\N
STG001820,CAN00614,REQ1053,Recruiter Screening,1,2024-02-19,Rejected – Skills,\N,3
STG001821,CAN00615,REQ1019,Recruiter Screening,1,2024-06-19,Req Cancelled Mid-Process,\N,\N
STG001822,CAN00616,REQ1008,Recruiter Screening,1,2024-12-16,Cleared,\N,4
STG001823,CAN00616,REQ1008,HR Intro Round,2,2024-12-24,Cleared,REC002,3
STG001824,CAN00616,REQ1008,Technical Round 1,3,2024-12-31,Rejected – Skills,REC013,1
STG001825,CAN00617,REQ1057,Recruiter Screening,1,2025-05-26,Cleared,\N,5
STG001826,CAN00617,REQ1057,Profile Submission,2,2025-06-02,Cleared,REC001,3
STG001827,CAN00617,REQ1057,Technical Round 1,3,2025-06-09,Cleared,REC008,4
STG001828,CAN00617,REQ1057,Technical Round 2,4,2025-06-17,Cleared,REC012,3
STG001829,CAN00617,REQ1057,System Design Round,5,2025-06-23,Rejected – Skills,REC001,3
STG001830,CAN00618,REQ1030,Recruiter Screening,1,2025-03-17,Cleared,\N,4
STG001831,CAN00618,REQ1030,Profile Submission,2,2025-03-24,Cleared,REC007,5
STG001832,CAN00618,REQ1030,Technical Round 1,3,2025-03-25,Rejected – Skills,REC010,\N
STG001833,CAN00619,REQ1016,Recruiter Screening,1,2024-10-21,Cleared,\N,5
STG001834,CAN00619,REQ1016,Profile Submission,2,2024-10-25,Rejected – Skills,REC013,3
STG001835,CAN00620,REQ1024,Recruiter Screening,1,2024-06-14,Cleared,\N,4
STG001836,CAN00620,REQ1024,Profile Submission,2,2024-06-20,Req Cancelled Mid-Process,REC008,\N
STG001837,CAN00621,REQ1052,Recruiter Screening,1,2024-11-14,Req Cancelled Mid-Process,\N,\N
STG001838,CAN00622,REQ1019,Recruiter Screening,1,2024-06-13,Cleared,\N,5
STG001839,CAN00622,REQ1019,Profile Submission,2,2024-06-17,Cleared,REC001,5
STG001840,CAN00622,REQ1019,Technical Round 1,3,2024-06-20,Req Cancelled Mid-Process,REC005,\N
STG001841,CAN00623,REQ1032,Recruiter Screening,1,2025-06-23,Cleared,\N,4
STG001842,CAN00623,REQ1032,Profile Submission,2,2025-06-26,Rejected – Culture Fit,REC006,3
STG001843,CAN00624,REQ1049,Recruiter Screening,1,2025-05-05,Cleared,\N,3
STG001844,CAN00624,REQ1049,HR Intro Round,2,2025-05-12,Rejected – Compensation Mismatch,REC003,3
STG001845,CAN00625,REQ1055,Recruiter Screening,1,2024-04-02,Cleared,\N,4
STG001846,CAN00625,REQ1055,Profile Submission,2,2024-04-05,Cleared,REC006,3
STG001847,CAN00625,REQ1055,Technical Round 1,3,2024-04-09,Cleared,REC013,3
STG001848,CAN00625,REQ1055,Technical Round 2,4,2024-04-15,Cleared,REC013,4
STG001849,CAN00625,REQ1055,System Design Round,5,2024-04-23,Rejected – Skills,REC014,1
STG001850,CAN00626,REQ1055,Recruiter Screening,1,2024-05-07,Cleared,\N,5
STG001851,CAN00626,REQ1055,Profile Submission,2,2024-05-13,Cleared,REC005,3
STG001852,CAN00626,REQ1055,Technical Round 1,3,2024-05-14,Cleared,REC008,3
STG001853,CAN00626,REQ1055,Technical Round 2,4,2024-05-15,Cleared,REC010,4
STG001854,CAN00627,REQ1060,Recruiter Screening,1,2025-02-21,Rejected – Skills,\N,3
STG001855,CAN00628,REQ1006,Recruiter Screening,1,2024-05-21,Cleared,\N,3
STG001856,CAN00628,REQ1006,Profile Submission,2,2024-05-22,Rejected – Skills,REC009,1
STG001857,CAN00629,REQ1013,Recruiter Screening,1,2024-09-30,Cleared,\N,3
STG001858,CAN00629,REQ1013,Profile Submission,2,2024-10-07,Rejected – Skills,REC004,2
STG001859,CAN00630,REQ1042,Recruiter Screening,1,2025-06-20,Cleared,\N,3
STG001860,CAN00630,REQ1042,HR Intro Round,2,2025-06-24,Cleared,REC005,5
STG001861,CAN00630,REQ1042,Technical Round 1,3,2025-06-30,Cleared,REC005,5
STG001862,CAN00631,REQ1050,Recruiter Screening,1,2024-06-10,Cleared,\N,5
STG001863,CAN00631,REQ1050,HR Intro Round,2,2024-06-17,Cleared,REC011,3
STG001864,CAN00631,REQ1050,Technical Round 1,3,2024-06-18,Cleared,REC003,3
STG001865,CAN00631,REQ1050,Hiring Manager Round,4,2024-06-24,Cleared,REC012,3
STG001866,CAN00632,REQ1035,Recruiter Screening,1,2024-06-17,Cleared,\N,3
STG001867,CAN00632,REQ1035,Profile Submission,2,2024-06-20,Cleared,REC009,3
STG001868,CAN00632,REQ1035,Technical Round 1,3,2024-06-24,Cleared,REC001,3
STG001869,CAN00632,REQ1035,Technical Round 2,4,2024-07-01,Cleared,REC004,3
STG001870,CAN00632,REQ1035,System Design Round,5,2024-07-08,Rejected – Skills,REC008,1
STG001871,CAN00633,REQ1001,Recruiter Screening,1,2025-06-25,Cleared,\N,3
STG001872,CAN00633,REQ1001,Profile Submission,2,2025-06-26,Rejected – Culture Fit,REC006,1
STG001873,CAN00634,REQ1020,Recruiter Screening,1,2024-05-31,Cleared,\N,5
STG001874,CAN00634,REQ1020,HR Intro Round,2,2024-06-10,Cleared,REC014,3
STG001875,CAN00634,REQ1020,Technical Round 1,3,2024-06-14,Cleared,REC003,3
STG001876,CAN00634,REQ1020,Hiring Manager Round,4,2024-06-21,Candidate Withdrew,REC001,\N
STG001877,CAN00635,REQ1035,Recruiter Screening,1,2024-07-15,Cleared,\N,3
STG001878,CAN00635,REQ1035,Profile Submission,2,2024-07-23,Cleared,REC001,5
STG001879,CAN00635,REQ1035,Technical Round 1,3,2024-07-29,Rejected – Skills,REC013,1
STG001880,CAN00636,REQ1020,Recruiter Screening,1,2024-06-24,Cleared,\N,4
STG001881,CAN00637,REQ1058,Recruiter Screening,1,2025-04-30,Cleared,\N,3
STG001882,CAN00637,REQ1058,HR Intro Round,2,2025-05-05,Cleared,REC005,4
STG001883,CAN00637,REQ1058,Technical Round 1,3,2025-05-09,Cleared,REC003,4
STG001884,CAN00637,REQ1058,Hiring Manager Round,4,2025-05-12,Cleared,REC014,5
STG001885,CAN00637,REQ1058,Offer Stage,5,2025-05-16,On Hold – Panel Unavailable,REC003,\N
STG001886,CAN00638,REQ1018,Recruiter Screening,1,2024-04-02,Cleared,\N,4
STG001887,CAN00638,REQ1018,Profile Submission,2,2024-04-08,Cleared,REC009,5
STG001888,CAN00638,REQ1018,Technical Round 1,3,2024-04-12,Cleared,REC004,5
STG001889,CAN00638,REQ1018,Technical Round 2,4,2024-04-22,Rejected – Skills,REC009,2
STG001890,CAN00639,REQ1011,Recruiter Screening,1,2024-03-04,Cleared,\N,5
STG001891,CAN00639,REQ1011,Profile Submission,2,2024-03-11,Req Cancelled Mid-Process,REC004,\N
STG001892,CAN00640,REQ1045,Recruiter Screening,1,2024-06-27,Cleared,\N,5
STG001893,CAN00640,REQ1045,Profile Submission,2,2024-07-09,Cleared,REC013,5
STG001894,CAN00640,REQ1045,Technical Round 1,3,2024-07-22,Rejected – Skills,REC003,1
STG001895,CAN00641,REQ1038,Recruiter Screening,1,2025-02-24,Rejected – Skills,\N,3
STG001896,CAN00642,REQ1019,Recruiter Screening,1,2024-05-27,Req Cancelled Mid-Process,\N,\N
STG001897,CAN00643,REQ1047,Recruiter Screening,1,2024-03-05,Cleared,\N,4
STG001898,CAN00643,REQ1047,Profile Submission,2,2024-03-11,Cleared,REC003,5
STG001899,CAN00643,REQ1047,Technical Round 1,3,2024-03-15,Req Cancelled Mid-Process,REC002,\N
STG001900,CAN00644,REQ1030,Recruiter Screening,1,2025-03-03,Rejected – Skills,\N,1
STG001901,CAN00645,REQ1047,Recruiter Screening,1,2024-02-26,Rejected – Culture Fit,\N,2
STG001902,CAN00646,REQ1006,Recruiter Screening,1,2024-05-24,Rejected – Skills,\N,1
STG001903,CAN00647,REQ1014,Recruiter Screening,1,2024-06-06,Cleared,\N,4
STG001904,CAN00647,REQ1014,Profile Submission,2,2024-06-07,Interview No-Show,REC008,\N
STG001905,CAN00648,REQ1014,Recruiter Screening,1,2024-05-27,Cleared,\N,\N
STG001906,CAN00648,REQ1014,Profile Submission,2,2024-05-30,Cleared,REC011,3
STG001907,CAN00648,REQ1014,Technical Round 1,3,2024-06-03,Rejected – Skills,REC006,2
STG001908,CAN00649,REQ1015,Recruiter Screening,1,2025-03-19,Cleared,\N,5
STG001909,CAN00649,REQ1015,Profile Submission,2,2025-03-24,Rejected – Skills,REC004,2
STG001910,CAN00650,REQ1043,Recruiter Screening,1,2024-03-11,Cleared,\N,4
STG001911,CAN00650,REQ1043,Profile Submission,2,2024-03-18,Rejected – Skills,REC012,2
STG001912,CAN00651,REQ1031,Recruiter Screening,1,2024-09-23,Rejected – Skills,\N,1
STG001913,CAN00652,REQ1040,Recruiter Screening,1,2025-02-28,Cleared,\N,3
STG001914,CAN00652,REQ1040,Profile Submission,2,2025-03-10,Cleared,REC002,5
STG001915,CAN00652,REQ1040,Technical Round 1,3,2025-03-14,Cleared,REC011,4
STG001916,CAN00652,REQ1040,Technical Round 2,4,2025-03-19,Rejected – Skills,REC001,1
STG001917,CAN00653,REQ1019,Recruiter Screening,1,2024-05-31,Req Cancelled Mid-Process,\N,\N
STG001918,CAN00654,REQ1011,Recruiter Screening,1,2024-02-20,Cleared,\N,5
STG001919,CAN00654,REQ1011,Profile Submission,2,2024-02-26,Req Cancelled Mid-Process,REC012,\N
STG001920,CAN00655,REQ1033,Recruiter Screening,1,2024-09-23,Rejected – Skills,\N,1
STG001921,CAN00656,REQ1029,Recruiter Screening,1,2025-06-05,Cleared,\N,5
STG001922,CAN00656,REQ1029,Profile Submission,2,2025-06-11,Cleared,REC005,4
STG001923,CAN00656,REQ1029,Technical Round 1,3,2025-06-16,Rejected – Skills,REC015,3
STG001924,CAN00657,REQ1027,Recruiter Screening,1,2025-03-17,Cleared,\N,4
STG001925,CAN00657,REQ1027,Profile Submission,2,2025-03-20,Cleared,REC001,4
STG001926,CAN00657,REQ1027,Technical Round 1,3,2025-03-21,Cleared,REC012,4
STG001927,CAN00657,REQ1027,Technical Round 2,4,2025-03-24,Cleared,REC005,5
STG001928,CAN00657,REQ1027,Hiring Manager Round,5,2025-03-25,Rejected – Culture Fit,REC013,3
STG001929,CAN00658,REQ1023,Recruiter Screening,1,2025-02-10,Cleared,\N,4
STG001930,CAN00658,REQ1023,HR Intro Round,2,2025-02-17,Cleared,REC008,4
STG001931,CAN00658,REQ1023,Technical Round 1,3,2025-02-24,Cleared,REC007,4
STG001932,CAN00658,REQ1023,Hiring Manager Round,4,2025-02-27,Rejected – Culture Fit,REC014,2
STG001933,CAN00659,REQ1004,Recruiter Screening,1,2025-05-13,Cleared,\N,4
STG001934,CAN00659,REQ1004,Profile Submission,2,2025-05-26,Cleared,REC007,4
STG001935,CAN00659,REQ1004,Technical Round 1,3,2025-06-09,Cleared,REC005,5
STG001936,CAN00659,REQ1004,Technical Round 2,4,2025-06-23,Cleared,REC007,4
STG001937,CAN00659,REQ1004,Technical Round 3,5,2025-06-24,Candidate Withdrew,REC003,\N
STG001938,CAN00660,REQ1025,Recruiter Screening,1,2025-03-17,Cleared,\N,5
STG001939,CAN00660,REQ1025,Profile Submission,2,2025-03-18,Rejected – Skills,REC005,1
STG001940,CAN00661,REQ1004,Recruiter Screening,1,2025-04-14,Cleared,\N,4
STG001941,CAN00661,REQ1004,Profile Submission,2,2025-04-28,Cleared,REC001,3
STG001942,CAN00661,REQ1004,Technical Round 1,3,2025-05-15,Cleared,REC012,4
STG001943,CAN00661,REQ1004,Technical Round 2,4,2025-05-28,Rejected – Compensation Mismatch,REC015,3
STG001944,CAN00662,REQ1059,Recruiter Screening,1,2025-03-07,Cleared,\N,5
STG001945,CAN00662,REQ1059,HR Intro Round,2,2025-03-14,Cleared,REC008,3
STG001946,CAN00662,REQ1059,Technical Round 1,3,2025-03-21,Cleared,REC015,5
STG001947,CAN00663,REQ1024,Recruiter Screening,1,2024-07-02,Rejected – Skills,\N,1
STG001948,CAN00664,REQ1014,Recruiter Screening,1,2024-04-25,Cleared,\N,3
STG001949,CAN00664,REQ1014,Profile Submission,2,2024-04-30,Cleared,REC003,5
STG001950,CAN00664,REQ1014,Technical Round 1,3,2024-05-06,Candidate Withdrew,REC008,\N
STG001951,CAN00665,REQ1033,Recruiter Screening,1,2024-09-30,Cleared,\N,3
STG001952,CAN00666,REQ1052,Recruiter Screening,1,2024-11-11,Req Cancelled Mid-Process,\N,\N
STG001953,CAN00667,REQ1048,Recruiter Screening,1,2024-04-30,Cleared,\N,4
STG001954,CAN00667,REQ1048,HR Intro Round,2,2024-05-06,Cleared,REC004,4
STG001955,CAN00667,REQ1048,Technical Round 1,3,2024-05-14,Cleared,REC003,5
STG001956,CAN00667,REQ1048,Hiring Manager Round,4,2024-05-20,Candidate Withdrew,REC002,\N
STG001957,CAN00668,REQ1008,Recruiter Screening,1,2025-01-21,Cleared,\N,3
STG001958,CAN00668,REQ1008,HR Intro Round,2,2025-01-27,Cleared,REC005,5
STG001959,CAN00668,REQ1008,Technical Round 1,3,2025-02-03,Cleared,REC001,5
STG001960,CAN00668,REQ1008,Hiring Manager Round,4,2025-02-11,Cleared,REC015,3
STG001961,CAN00668,REQ1008,Offer Stage,5,2025-02-14,Cleared,REC012,3
STG001962,CAN00669,REQ1033,Recruiter Screening,1,2024-09-30,Rejected – Skills,\N,1
STG001963,CAN00670,REQ1007,Recruiter Screening,1,2024-09-30,Rejected – Skills,\N,1
STG001964,CAN00671,REQ1018,Recruiter Screening,1,2024-04-03,Cleared,\N,4
STG001965,CAN00671,REQ1018,Profile Submission,2,2024-04-08,Cleared,REC011,3
STG001966,CAN00671,REQ1018,Technical Round 1,3,2024-04-16,Cleared,REC004,3
STG001967,CAN00671,REQ1018,Technical Round 2,4,2024-04-23,Cleared,REC001,4
STG001968,CAN00671,REQ1018,System Design Round,5,2024-04-29,Rejected – Skills,REC009,2
STG001969,CAN00672,REQ1059,Recruiter Screening,1,2025-03-14,Cleared,\N,3
STG001970,CAN00672,REQ1059,HR Intro Round,2,2025-03-21,Cleared,REC007,4
STG001971,CAN00673,REQ1048,Recruiter Screening,1,2024-05-21,Cleared,\N,3
STG001972,CAN00673,REQ1048,HR Intro Round,2,2024-05-22,Rejected – Compensation Mismatch,REC012,3
STG001973,CAN00674,REQ1019,Recruiter Screening,1,2024-06-06,Cleared,\N,4
STG001974,CAN00674,REQ1019,Profile Submission,2,2024-06-10,Cleared,REC014,3
STG001975,CAN00674,REQ1019,Technical Round 1,3,2024-06-17,Req Cancelled Mid-Process,REC012,\N
STG001976,CAN00675,REQ1005,Recruiter Screening,1,2025-02-07,Cleared,\N,5
STG001977,CAN00675,REQ1005,Profile Submission,2,2025-02-20,Cleared,REC014,3
STG001978,CAN00675,REQ1005,Technical Round 1,3,2025-03-03,Cleared,REC015,4
STG001979,CAN00676,REQ1047,Recruiter Screening,1,2024-03-19,Req Cancelled Mid-Process,\N,\N
STG001980,CAN00677,REQ1003,Recruiter Screening,1,2024-08-12,Rejected – Skills,\N,2
STG001981,CAN00678,REQ1041,Recruiter Screening,1,2024-10-17,Cleared,\N,4
STG001982,CAN00678,REQ1041,HR Intro Round,2,2024-10-24,Cleared,REC012,3
STG001983,CAN00678,REQ1041,Technical Round 1,3,2024-10-31,Cleared,REC004,3
STG001984,CAN00678,REQ1041,Hiring Manager Round,4,2024-11-04,Cleared,REC008,3
STG001985,CAN00678,REQ1041,Offer Stage,5,2024-11-11,Rejected – Skills,REC010,1
STG001986,CAN00679,REQ1037,Recruiter Screening,1,2024-09-12,Cleared,\N,5
STG001987,CAN00679,REQ1037,Profile Submission,2,2024-09-13,Candidate Withdrew,REC004,\N
STG001988,CAN00680,REQ1048,Recruiter Screening,1,2024-05-27,Cleared,\N,5
STG001989,CAN00680,REQ1048,HR Intro Round,2,2024-05-28,Cleared,REC008,4
STG001990,CAN00681,REQ1025,Recruiter Screening,1,2025-02-10,Cleared,\N,3
STG001991,CAN00681,REQ1025,Profile Submission,2,2025-02-17,Cleared,REC013,4
STG001992,CAN00681,REQ1025,Technical Round 1,3,2025-02-24,Cleared,REC011,4
STG001993,CAN00681,REQ1025,Technical Round 2,4,2025-03-03,Cleared,REC010,3
STG001994,CAN00681,REQ1025,Technical Round 3,5,2025-03-10,Rejected – Compensation Mismatch,REC011,2
STG001995,CAN00682,REQ1029,Recruiter Screening,1,2025-01-28,Rejected – Skills,\N,\N
STG001996,CAN00683,REQ1040,Recruiter Screening,1,2025-04-28,Rejected – Skills,\N,2
STG001997,CAN00684,REQ1026,Recruiter Screening,1,2024-09-16,Cleared,\N,3
STG001998,CAN00684,REQ1026,Profile Submission,2,2024-09-17,Cleared,REC009,4
STG001999,CAN00685,REQ1006,Recruiter Screening,1,2024-05-23,Cleared,\N,3
STG002000,CAN00685,REQ1006,Profile Submission,2,2024-05-24,Rejected – Culture Fit,REC008,1
STG002001,CAN00686,REQ1049,Recruiter Screening,1,2025-02-03,Cleared,\N,3
STG002002,CAN00686,REQ1049,HR Intro Round,2,2025-02-06,Cleared,REC014,3
STG002003,CAN00686,REQ1049,Technical Round 1,3,2025-02-14,Cleared,REC007,3
STG002004,CAN00686,REQ1049,Hiring Manager Round,4,2025-02-19,Cleared,REC005,5
STG002005,CAN00686,REQ1049,Offer Stage,5,2025-02-24,Cleared,REC010,4
STG002006,CAN00687,REQ1030,Recruiter Screening,1,2025-03-10,Cleared,\N,5
STG002007,CAN00687,REQ1030,Profile Submission,2,2025-03-17,Rejected – Culture Fit,REC008,3
STG002008,CAN00688,REQ1047,Recruiter Screening,1,2024-03-18,Req Cancelled Mid-Process,\N,\N
STG002009,CAN00689,REQ1026,Recruiter Screening,1,2024-07-18,Cleared,\N,5
STG002010,CAN00689,REQ1026,Profile Submission,2,2024-08-05,Cleared,REC011,3
STG002011,CAN00689,REQ1026,Technical Round 1,3,2024-08-19,Cleared,REC015,3
STG002012,CAN00689,REQ1026,Technical Round 2,4,2024-09-06,Cleared,REC005,4
STG002013,CAN00689,REQ1026,System Design Round,5,2024-09-09,Rejected – Compensation Mismatch,REC001,3
STG002014,CAN00690,REQ1021,Recruiter Screening,1,2025-03-31,Cleared,\N,4
STG002015,CAN00690,REQ1021,Profile Submission,2,2025-04-03,Rejected – Skills,REC004,1
STG002016,CAN00691,REQ1036,Recruiter Screening,1,2024-09-09,Cleared,\N,5
STG002017,CAN00691,REQ1036,Profile Submission,2,2024-09-16,Rejected – Culture Fit,REC013,2
STG002018,CAN00692,REQ1006,Recruiter Screening,1,2024-05-20,Cleared,\N,4
STG002019,CAN00692,REQ1006,Profile Submission,2,2024-05-21,Rejected – Skills,REC011,2
STG002020,CAN00693,REQ1012,Recruiter Screening,1,2024-11-14,Cleared,\N,5
STG002021,CAN00693,REQ1012,Profile Submission,2,2024-11-19,Cleared,REC015,3
STG002022,CAN00693,REQ1012,Technical Round 1,3,2024-11-25,Cleared,REC003,5
STG002023,CAN00693,REQ1012,Technical Round 2,4,2024-12-03,Cleared,REC006,5
STG002024,CAN00693,REQ1012,System Design Round,5,2024-12-04,Cleared,REC003,5
STG002025,CAN00693,REQ1012,Panel Round,6,2024-12-05,Cleared,REC004,3
STG002026,CAN00693,REQ1012,Offer Stage,7,2024-12-09,Cleared,REC001,4
STG002027,CAN00694,REQ1049,Recruiter Screening,1,2025-04-01,Cleared,\N,3
STG002028,CAN00694,REQ1049,HR Intro Round,2,2025-04-07,Cleared,REC014,5
STG002029,CAN00694,REQ1049,Technical Round 1,3,2025-04-10,Cleared,REC003,5
STG002030,CAN00694,REQ1049,Hiring Manager Round,4,2025-04-14,Cleared,REC002,\N
STG002031,CAN00694,REQ1049,Offer Stage,5,2025-04-21,Cleared,REC014,4
STG002032,CAN00695,REQ1031,Recruiter Screening,1,2024-10-04,Rejected – Skills,\N,1
STG002033,CAN00696,REQ1011,Recruiter Screening,1,2024-03-11,Req Cancelled Mid-Process,\N,\N
STG002034,CAN00697,REQ1001,Recruiter Screening,1,2025-05-12,Cleared,\N,4
STG002035,CAN00697,REQ1001,Profile Submission,2,2025-05-28,Cleared,REC005,4
STG002036,CAN00697,REQ1001,Technical Round 1,3,2025-06-16,Cleared,REC009,4
STG002037,CAN00697,REQ1001,Technical Round 2,4,2025-06-17,Cleared,REC010,5
STG002038,CAN00697,REQ1001,Hiring Manager Round,5,2025-06-18,Rejected – Compensation Mismatch,REC013,3
STG002039,CAN00698,REQ1057,Recruiter Screening,1,2025-03-25,Cleared,\N,4
STG002040,CAN00698,REQ1057,Profile Submission,2,2025-03-31,Rejected – Compensation Mismatch,REC006,1
STG002041,CAN00699,REQ1040,Recruiter Screening,1,2025-04-07,Cleared,\N,5
STG002042,CAN00699,REQ1040,Profile Submission,2,2025-04-14,Rejected – Skills,REC015,3
STG002043,CAN00700,REQ1052,Recruiter Screening,1,2024-11-11,Cleared,\N,5
STG002044,CAN00700,REQ1052,Profile Submission,2,2024-11-19,Cleared,REC014,5
STG002045,CAN00701,REQ1033,Recruiter Screening,1,2024-09-30,Cleared,\N,3
STG002046,CAN00702,REQ1008,Recruiter Screening,1,2025-02-13,Rejected – Skills,\N,2
STG002047,CAN00703,REQ1026,Recruiter Screening,1,2024-08-08,Cleared,\N,3
STG002048,CAN00703,REQ1026,Profile Submission,2,2024-08-20,Cleared,REC001,3
STG002049,CAN00703,REQ1026,Technical Round 1,3,2024-09-02,Cleared,REC003,4
STG002050,CAN00703,REQ1026,Technical Round 2,4,2024-09-13,Rejected – Compensation Mismatch,REC001,1
STG002051,CAN00704,REQ1045,Recruiter Screening,1,2024-01-31,Cleared,\N,5
STG002052,CAN00704,REQ1045,Profile Submission,2,2024-02-14,Rejected – Compensation Mismatch,REC003,1
STG002053,CAN00705,REQ1038,Recruiter Screening,1,2025-06-23,Cleared,\N,3
STG002054,CAN00705,REQ1038,Profile Submission,2,2025-06-30,Rejected – Skills,REC013,2
STG002055,CAN00706,REQ1010,Recruiter Screening,1,2024-12-18,Cleared,\N,3
STG002056,CAN00706,REQ1010,Profile Submission,2,2024-12-23,Cleared,REC007,4
STG002057,CAN00706,REQ1010,Technical Round 1,3,2024-12-30,Rejected – Skills,REC004,2
STG002058,CAN00707,REQ1003,Recruiter Screening,1,2024-07-05,Cleared,\N,3
STG002059,CAN00707,REQ1003,HR Intro Round,2,2024-07-22,Cleared,REC006,4
STG002060,CAN00707,REQ1003,Technical Round 1,3,2024-08-01,Cleared,REC010,4
STG002061,CAN00707,REQ1003,Hiring Manager Round,4,2024-08-14,Cleared,REC014,5
STG002062,CAN00707,REQ1003,Offer Stage,5,2024-08-15,Cleared,REC006,3
STG002063,CAN00708,REQ1038,Recruiter Screening,1,2024-10-14,Cleared,\N,5
STG002064,CAN00708,REQ1038,Profile Submission,2,2024-10-21,Candidate Ghosted,REC002,\N
STG002065,CAN00709,REQ1012,Recruiter Screening,1,2024-11-04,Cleared,\N,5
STG002066,CAN00709,REQ1012,Profile Submission,2,2024-11-11,Cleared,REC007,3
STG002067,CAN00709,REQ1012,Technical Round 1,3,2024-11-18,Cleared,REC015,5
STG002068,CAN00709,REQ1012,Technical Round 2,4,2024-11-22,Cleared,REC005,3
STG002069,CAN00709,REQ1012,System Design Round,5,2024-11-25,Cleared,REC005,3
STG002070,CAN00709,REQ1012,Panel Round,6,2024-11-29,Rejected – Compensation Mismatch,REC004,1
STG002071,CAN00710,REQ1049,Recruiter Screening,1,2025-04-03,Cleared,\N,5
STG002072,CAN00710,REQ1049,HR Intro Round,2,2025-04-07,Cleared,REC015,4
STG002073,CAN00710,REQ1049,Technical Round 1,3,2025-04-11,Cleared,REC010,3
STG002074,CAN00710,REQ1049,Hiring Manager Round,4,2025-04-21,Cleared,REC014,4
STG002075,CAN00710,REQ1049,Offer Stage,5,2025-04-25,Cleared,REC013,5
STG002076,CAN00711,REQ1051,Recruiter Screening,1,2024-05-31,Req Cancelled Mid-Process,\N,\N
STG002077,CAN00712,REQ1030,Recruiter Screening,1,2025-02-25,Cleared,\N,3
STG002078,CAN00712,REQ1030,Profile Submission,2,2025-03-05,Cleared,REC002,3
STG002079,CAN00712,REQ1030,Technical Round 1,3,2025-03-11,Cleared,REC013,5
STG002080,CAN00712,REQ1030,Technical Round 2,4,2025-03-17,Rejected – Skills,REC012,3
STG002081,CAN00713,REQ1029,Recruiter Screening,1,2025-03-07,Cleared,\N,4
STG002082,CAN00713,REQ1029,Profile Submission,2,2025-03-14,Rejected – Compensation Mismatch,REC003,2
STG002083,CAN00714,REQ1036,Recruiter Screening,1,2024-08-20,Cleared,\N,3
STG002084,CAN00714,REQ1036,Profile Submission,2,2024-08-26,Cleared,REC007,3
STG002085,CAN00714,REQ1036,Technical Round 1,3,2024-09-03,Rejected – Skills,REC013,3
STG002086,CAN00715,REQ1025,Recruiter Screening,1,2025-03-17,Cleared,\N,5
STG002087,CAN00715,REQ1025,Profile Submission,2,2025-03-18,Cleared,REC007,3
STG002088,CAN00715,REQ1025,Technical Round 1,3,2025-03-19,Cleared,REC015,5
STG002089,CAN00716,REQ1003,Recruiter Screening,1,2024-08-07,Cleared,\N,4
STG002090,CAN00716,REQ1003,HR Intro Round,2,2024-08-08,Rejected – Compensation Mismatch,REC002,2
STG002091,CAN00717,REQ1031,Recruiter Screening,1,2024-09-27,Cleared,\N,3
STG002092,CAN00717,REQ1031,Profile Submission,2,2024-09-30,Cleared,REC001,4
STG002093,CAN00717,REQ1031,Technical Round 1,3,2024-10-07,Cleared,REC006,4
STG002094,CAN00717,REQ1031,Technical Round 2,4,2024-10-08,Cleared,REC010,5
STG002095,CAN00718,REQ1018,Recruiter Screening,1,2024-05-06,Candidate Withdrew,\N,\N
STG002096,CAN00719,REQ1057,Recruiter Screening,1,2025-06-23,Cleared,\N,5
STG002097,CAN00719,REQ1057,Profile Submission,2,2025-06-30,Cleared,REC005,3
STG002098,CAN00720,REQ1044,Recruiter Screening,1,2025-01-17,Cleared,\N,3
STG002099,CAN00720,REQ1044,Profile Submission,2,2025-01-20,Cleared,REC008,5
STG002100,CAN00720,REQ1044,Technical Round 1,3,2025-01-23,Cleared,REC015,3
STG002101,CAN00720,REQ1044,Technical Round 2,4,2025-01-31,Cleared,REC013,4
STG002102,CAN00720,REQ1044,System Design Round,5,2025-02-05,Rejected – Skills,REC005,2
STG002103,CAN00721,REQ1019,Recruiter Screening,1,2024-07-01,Cleared,\N,3
STG002104,CAN00722,REQ1053,Recruiter Screening,1,2024-02-13,Cleared,\N,3
STG002105,CAN00722,REQ1053,HR Intro Round,2,2024-02-19,Cleared,REC015,3
STG002106,CAN00722,REQ1053,Technical Round 1,3,2024-02-23,Cleared,REC012,3
STG002107,CAN00722,REQ1053,Hiring Manager Round,4,2024-03-01,Cleared,REC007,4
STG002108,CAN00722,REQ1053,Offer Stage,5,2024-03-04,Cleared,REC010,3
STG002109,CAN00723,REQ1015,Recruiter Screening,1,2025-04-28,Rejected – Skills,\N,1
STG002110,CAN00724,REQ1025,Recruiter Screening,1,2025-02-21,Cleared,\N,3
STG002111,CAN00724,REQ1025,Profile Submission,2,2025-02-26,Cleared,REC014,4
STG002112,CAN00724,REQ1025,Technical Round 1,3,2025-03-03,Cleared,REC001,5
STG002113,CAN00724,REQ1025,Technical Round 2,4,2025-03-07,Cleared,REC015,3
STG002114,CAN00724,REQ1025,Technical Round 3,5,2025-03-17,Cleared,REC001,\N
STG002115,CAN00724,REQ1025,System Design Round,6,2025-03-18,Cleared,REC011,4
STG002116,CAN00724,REQ1025,Panel Round,7,2025-03-19,Rejected – Compensation Mismatch,REC010,3
STG002117,CAN00725,REQ1035,Recruiter Screening,1,2024-06-03,Rejected – Culture Fit,\N,1
STG002118,CAN00726,REQ1029,Recruiter Screening,1,2024-12-30,Rejected – Skills,\N,3
STG002119,CAN00727,REQ1041,Recruiter Screening,1,2024-09-17,Cleared,\N,3
STG002120,CAN00727,REQ1041,HR Intro Round,2,2024-09-25,Cleared,REC011,4
STG002121,CAN00727,REQ1041,Technical Round 1,3,2024-09-30,Rejected – Skills,REC009,2
STG002122,CAN00728,REQ1058,Recruiter Screening,1,2025-01-20,Cleared,\N,5
STG002123,CAN00728,REQ1058,HR Intro Round,2,2025-01-24,Cleared,REC003,3
STG002124,CAN00728,REQ1058,Technical Round 1,3,2025-01-27,On Hold – Panel Unavailable,REC003,\N
STG002125,CAN00729,REQ1026,Recruiter Screening,1,2024-07-22,Cleared,\N,5
STG002126,CAN00729,REQ1026,Profile Submission,2,2024-08-09,Rejected – Skills,REC004,3
STG002127,CAN00730,REQ1026,Recruiter Screening,1,2024-07-11,Rejected – Skills,\N,2
STG002128,CAN00731,REQ1037,Recruiter Screening,1,2024-09-17,Rejected – Skills,\N,3
STG002129,CAN00732,REQ1041,Recruiter Screening,1,2025-06-09,Rejected – Skills,\N,2
STG002130,CAN00733,REQ1034,Recruiter Screening,1,2024-09-16,Rejected – Skills,\N,2
STG002131,CAN00734,REQ1012,Recruiter Screening,1,2024-12-05,Cleared,\N,5
STG002132,CAN00734,REQ1012,Profile Submission,2,2024-12-09,Cleared,REC014,5
STG002133,CAN00735,REQ1037,Recruiter Screening,1,2024-08-29,Cleared,\N,5
STG002134,CAN00735,REQ1037,Profile Submission,2,2024-09-12,Cleared,REC005,3
STG002135,CAN00735,REQ1037,Technical Round 1,3,2024-09-13,Cleared,REC008,3
STG002136,CAN00735,REQ1037,Technical Round 2,4,2024-09-16,Rejected – Compensation Mismatch,REC010,3
STG002137,CAN00736,REQ1050,Recruiter Screening,1,2024-06-03,Cleared,\N,5
STG002138,CAN00736,REQ1050,HR Intro Round,2,2024-06-07,Cleared,REC004,4
STG002139,CAN00736,REQ1050,Technical Round 1,3,2024-06-13,Cleared,REC013,3
STG002140,CAN00736,REQ1050,Hiring Manager Round,4,2024-06-18,Cleared,REC001,4
STG002141,CAN00736,REQ1050,Offer Stage,5,2024-06-19,Candidate Withdrew,REC012,\N
STG002142,CAN00737,REQ1044,Recruiter Screening,1,2024-12-26,Rejected – Skills,\N,2
STG002143,CAN00738,REQ1045,Recruiter Screening,1,2024-07-22,Rejected – Skills,\N,1
STG002144,CAN00739,REQ1024,Recruiter Screening,1,2024-06-17,Cleared,\N,4
STG002145,CAN00739,REQ1024,Profile Submission,2,2024-06-24,Rejected – Skills,REC003,1
STG002146,CAN00740,REQ1022,Recruiter Screening,1,2024-07-08,Cleared,\N,5
STG002147,CAN00740,REQ1022,Profile Submission,2,2024-07-15,Cleared,REC005,5
STG002148,CAN00740,REQ1022,Technical Round 1,3,2024-07-18,Cleared,REC007,3
STG002149,CAN00740,REQ1022,Technical Round 2,4,2024-07-22,Cleared,REC015,3
STG002150,CAN00740,REQ1022,System Design Round,5,2024-07-29,Rejected – Culture Fit,REC002,1
STG002151,CAN00741,REQ1001,Recruiter Screening,1,2025-02-27,Cleared,\N,4
STG002152,CAN00741,REQ1001,Profile Submission,2,2025-03-10,Rejected – Culture Fit,REC004,2
STG002153,CAN00742,REQ1060,Recruiter Screening,1,2025-02-20,Cleared,\N,4
STG002154,CAN00742,REQ1060,HR Intro Round,2,2025-02-21,Cleared,REC004,4
STG002155,CAN00742,REQ1060,Technical Round 1,3,2025-03-03,Cleared,REC015,5
STG002156,CAN00742,REQ1060,Hiring Manager Round,4,2025-03-04,Cleared,REC006,3
STG002157,CAN00743,REQ1039,Recruiter Screening,1,2024-12-20,Cleared,\N,5
STG002158,CAN00743,REQ1039,Profile Submission,2,2024-12-30,Rejected – Skills,REC013,1
STG002159,CAN00744,REQ1026,Recruiter Screening,1,2024-08-08,Rejected – Skills,\N,1
STG002160,CAN00745,REQ1032,Recruiter Screening,1,2025-05-05,Cleared,\N,4
STG002161,CAN00745,REQ1032,Profile Submission,2,2025-05-12,Cleared,REC006,\N
STG002162,CAN00745,REQ1032,Technical Round 1,3,2025-05-16,Rejected – Skills,REC010,3
STG002163,CAN00746,REQ1021,Recruiter Screening,1,2025-02-03,Cleared,\N,3
STG002164,CAN00746,REQ1021,Profile Submission,2,2025-02-07,Cleared,REC013,5
STG002165,CAN00746,REQ1021,Technical Round 1,3,2025-02-14,Rejected – Compensation Mismatch,REC009,3
STG002166,CAN00747,REQ1006,Recruiter Screening,1,2024-05-17,Cleared,\N,5
STG002167,CAN00747,REQ1006,Profile Submission,2,2024-05-27,Cleared,REC001,5
STG002168,CAN00748,REQ1010,Recruiter Screening,1,2024-11-04,Cleared,\N,3
STG002169,CAN00748,REQ1010,Profile Submission,2,2024-11-07,Cleared,REC012,5
STG002170,CAN00748,REQ1010,Technical Round 1,3,2024-11-11,Cleared,REC012,3
STG002171,CAN00748,REQ1010,Technical Round 2,4,2024-11-19,Cleared,REC009,5
STG002172,CAN00748,REQ1010,Hiring Manager Round,5,2024-11-25,On Hold – Panel Unavailable,REC001,\N
STG002173,CAN00749,REQ1039,Recruiter Screening,1,2025-01-17,Cleared,\N,5
STG002174,CAN00749,REQ1039,Profile Submission,2,2025-01-23,Cleared,REC003,4
STG002175,CAN00749,REQ1039,Technical Round 1,3,2025-01-24,Candidate Ghosted,REC007,\N
STG002176,CAN00750,REQ1046,Recruiter Screening,1,2025-01-14,Cleared,\N,3
STG002177,CAN00750,REQ1046,Profile Submission,2,2025-01-20,Cleared,REC003,5
STG002178,CAN00750,REQ1046,Technical Round 1,3,2025-01-27,Cleared,REC011,3
STG002179,CAN00750,REQ1046,Technical Round 2,4,2025-01-31,Cleared,REC012,3
STG002180,CAN00750,REQ1046,System Design Round,5,2025-02-03,Rejected – Skills,REC004,1
STG002181,CAN00751,REQ1015,Recruiter Screening,1,2025-02-03,Cleared,\N,3
STG002182,CAN00751,REQ1015,Profile Submission,2,2025-02-11,Cleared,REC006,4
STG002183,CAN00751,REQ1015,Technical Round 1,3,2025-02-17,Cleared,REC008,4
STG002184,CAN00751,REQ1015,Technical Round 2,4,2025-02-25,Cleared,REC007,3
STG002185,CAN00751,REQ1015,System Design Round,5,2025-03-03,Cleared,REC004,5
STG002186,CAN00751,REQ1015,Panel Round,6,2025-03-10,Cleared,REC005,3
STG002187,CAN00751,REQ1015,Culture Fit Round,7,2025-03-13,Cleared,REC012,3
STG002188,CAN00751,REQ1015,Offer Stage,8,2025-03-19,Cleared,REC015,3
STG002189,CAN00752,REQ1030,Recruiter Screening,1,2025-03-10,Cleared,\N,3
STG002190,CAN00752,REQ1030,Profile Submission,2,2025-03-13,Rejected – Culture Fit,REC004,2
STG002191,CAN00753,REQ1011,Recruiter Screening,1,2024-02-16,Cleared,\N,3
STG002192,CAN00753,REQ1011,Profile Submission,2,2024-02-23,Cleared,REC013,4
STG002193,CAN00753,REQ1011,Technical Round 1,3,2024-02-27,Cleared,REC010,5
STG002194,CAN00753,REQ1011,Technical Round 2,4,2024-03-05,Cleared,REC003,3
STG002195,CAN00753,REQ1011,System Design Round,5,2024-03-08,Req Cancelled Mid-Process,REC012,\N
STG002196,CAN00754,REQ1058,Recruiter Screening,1,2025-03-31,Cleared,\N,5
STG002197,CAN00754,REQ1058,HR Intro Round,2,2025-04-07,Cleared,REC014,5
STG002198,CAN00754,REQ1058,Technical Round 1,3,2025-04-14,Cleared,REC008,4
STG002199,CAN00754,REQ1058,Hiring Manager Round,4,2025-04-21,Cleared,REC014,3
STG002200,CAN00754,REQ1058,Offer Stage,5,2025-04-28,Cleared,REC006,5
STG002201,CAN00755,REQ1035,Recruiter Screening,1,2024-07-30,Rejected – Culture Fit,\N,3
STG002202,CAN00756,REQ1019,Recruiter Screening,1,2024-06-03,Cleared,\N,\N
STG002203,CAN00756,REQ1019,Profile Submission,2,2024-06-11,Cleared,REC015,4
STG002204,CAN00756,REQ1019,Technical Round 1,3,2024-06-17,Cleared,REC009,5
STG002205,CAN00756,REQ1019,Technical Round 2,4,2024-06-25,Rejected – Skills,REC005,3
STG002206,CAN00757,REQ1036,Recruiter Screening,1,2024-09-17,Cleared,\N,3
STG002207,CAN00757,REQ1036,Profile Submission,2,2024-09-24,Cleared,REC015,4
STG002208,CAN00757,REQ1036,Technical Round 1,3,2024-09-30,Rejected – Skills,REC001,1
STG002209,CAN00758,REQ1037,Recruiter Screening,1,2024-09-09,Cleared,\N,3
STG002210,CAN00758,REQ1037,Profile Submission,2,2024-09-10,Cleared,REC011,3
STG002211,CAN00758,REQ1037,Technical Round 1,3,2024-09-11,Cleared,REC012,3
STG002212,CAN00758,REQ1037,Technical Round 2,4,2024-09-12,Cleared,REC014,4
STG002213,CAN00758,REQ1037,Technical Round 3,5,2024-09-13,Cleared,REC008,3
STG002214,CAN00758,REQ1037,System Design Round,6,2024-09-16,Cleared,REC003,5
STG002215,CAN00758,REQ1037,Panel Round,7,2024-09-17,Cleared,REC002,3
STG002216,CAN00758,REQ1037,Founder/CXO Round,8,2024-09-18,Cleared,REC014,5
STG002217,CAN00759,REQ1032,Recruiter Screening,1,2025-06-09,Rejected – Skills,\N,3
STG002218,CAN00760,REQ1021,Recruiter Screening,1,2025-02-24,Cleared,\N,3
STG002219,CAN00760,REQ1021,Profile Submission,2,2025-02-28,Cleared,REC008,5
STG002220,CAN00760,REQ1021,Technical Round 1,3,2025-03-03,Rejected – Compensation Mismatch,REC003,3
STG002221,CAN00761,REQ1054,Recruiter Screening,1,2024-09-26,Rejected – Skills,\N,3
STG002222,CAN00762,REQ1039,Recruiter Screening,1,2024-12-12,Cleared,\N,3
STG002223,CAN00762,REQ1039,Profile Submission,2,2024-12-16,Cleared,REC009,5
STG002224,CAN00762,REQ1039,Technical Round 1,3,2024-12-19,Cleared,REC014,3
STG002225,CAN00762,REQ1039,Technical Round 2,4,2024-12-23,Cleared,REC003,3
STG002226,CAN00762,REQ1039,System Design Round,5,2024-12-27,Rejected – Skills,REC010,1
STG002227,CAN00763,REQ1023,Recruiter Screening,1,2024-09-12,Cleared,\N,3
STG002228,CAN00763,REQ1023,HR Intro Round,2,2024-09-16,Rejected – Skills,REC012,3
STG002229,CAN00764,REQ1055,Recruiter Screening,1,2024-05-13,Cleared,\N,3
STG002230,CAN00764,REQ1055,Profile Submission,2,2024-05-14,Rejected – Skills,REC001,2
STG002231,CAN00765,REQ1060,Recruiter Screening,1,2025-02-12,Cleared,\N,3
STG002232,CAN00765,REQ1060,HR Intro Round,2,2025-03-03,Cleared,REC003,3
STG002233,CAN00765,REQ1060,Technical Round 1,3,2025-03-04,Rejected – Skills,REC013,3
STG002234,CAN00766,REQ1012,Recruiter Screening,1,2024-11-07,Cleared,\N,4
STG002235,CAN00766,REQ1012,Profile Submission,2,2024-11-11,Cleared,REC006,3
STG002236,CAN00766,REQ1012,Technical Round 1,3,2024-11-19,Cleared,REC007,4
STG002237,CAN00766,REQ1012,Technical Round 2,4,2024-11-26,Cleared,REC009,4
STG002238,CAN00766,REQ1012,System Design Round,5,2024-12-02,On Hold – Panel Unavailable,REC006,\N
STG002239,CAN00767,REQ1049,Recruiter Screening,1,2025-04-14,Cleared,\N,4
STG002240,CAN00767,REQ1049,HR Intro Round,2,2025-04-17,Cleared,REC014,5
STG002241,CAN00767,REQ1049,Technical Round 1,3,2025-04-24,Cleared,REC013,3
STG002242,CAN00767,REQ1049,Hiring Manager Round,4,2025-05-01,Rejected – Skills,REC003,3
STG002243,CAN00768,REQ1009,Recruiter Screening,1,2024-05-20,Cleared,\N,5
STG002244,CAN00768,REQ1009,Profile Submission,2,2024-05-28,Cleared,REC014,4
STG002245,CAN00768,REQ1009,Technical Round 1,3,2024-06-05,Cleared,REC015,4
STG002246,CAN00768,REQ1009,Technical Round 2,4,2024-06-10,Cleared,REC009,3
STG002247,CAN00768,REQ1009,System Design Round,5,2024-06-18,Cleared,REC011,3
STG002248,CAN00768,REQ1009,Panel Round,6,2024-06-21,Cleared,REC005,5
STG002249,CAN00768,REQ1009,Offer Stage,7,2024-07-01,Cleared,REC011,5
STG002250,CAN00769,REQ1035,Recruiter Screening,1,2024-06-24,Rejected – Skills,\N,2
STG002251,CAN00770,REQ1009,Recruiter Screening,1,2025-06-09,Cleared,\N,3
STG002252,CAN00770,REQ1009,Profile Submission,2,2025-06-13,Cleared,REC006,5
STG002253,CAN00770,REQ1009,Technical Round 1,3,2025-06-18,Cleared,REC014,3
STG002254,CAN00770,REQ1009,Technical Round 2,4,2025-06-26,Cleared,REC005,4
STG002255,CAN00770,REQ1009,System Design Round,5,2025-06-27,Rejected – Culture Fit,REC010,3
STG002256,CAN00771,REQ1017,Recruiter Screening,1,2024-10-25,Cleared,\N,5
STG002257,CAN00771,REQ1017,Profile Submission,2,2024-10-29,Cleared,REC011,3
STG002258,CAN00771,REQ1017,Technical Round 1,3,2024-11-06,Cleared,REC001,5
STG002259,CAN00771,REQ1017,Technical Round 2,4,2024-11-11,Cleared,REC013,3
STG002260,CAN00771,REQ1017,Hiring Manager Round,5,2024-11-18,Cleared,REC006,5
STG002261,CAN00771,REQ1017,Offer Stage,6,2024-11-19,Cleared,REC013,3
STG002262,CAN00772,REQ1007,Recruiter Screening,1,2024-10-21,Cleared,\N,\N
STG002263,CAN00773,REQ1031,Recruiter Screening,1,2024-09-09,Rejected – Culture Fit,\N,3
STG002264,CAN00774,REQ1042,Recruiter Screening,1,2025-04-07,Candidate Withdrew,\N,\N
STG002265,CAN00775,REQ1001,Recruiter Screening,1,2025-06-23,Rejected – Skills,\N,2
STG002266,CAN00776,REQ1042,Recruiter Screening,1,2024-11-04,Rejected – Skills,\N,3
STG002267,CAN00777,REQ1024,Recruiter Screening,1,2024-06-24,Rejected – Skills,\N,3
STG002268,CAN00778,REQ1013,Recruiter Screening,1,2024-10-07,Rejected – Skills,\N,2
STG002269,CAN00779,REQ1054,Recruiter Screening,1,2024-07-29,Cleared,\N,4
STG002270,CAN00779,REQ1054,Profile Submission,2,2024-08-05,Cleared,REC015,4
STG002271,CAN00779,REQ1054,Technical Round 1,3,2024-08-08,Rejected – Skills,REC003,2
STG002272,CAN00780,REQ1019,Recruiter Screening,1,2024-05-27,Req Cancelled Mid-Process,\N,\N
STG002273,CAN00781,REQ1047,Recruiter Screening,1,2024-03-22,Rejected – Skills,\N,1
STG002274,CAN00782,REQ1048,Recruiter Screening,1,2024-05-17,Cleared,\N,5
STG002275,CAN00782,REQ1048,HR Intro Round,2,2024-05-21,Cleared,REC005,3
STG002276,CAN00782,REQ1048,Technical Round 1,3,2024-05-27,Cleared,REC009,5
STG002277,CAN00782,REQ1048,Hiring Manager Round,4,2024-05-28,Cleared,REC014,5
STG002278,CAN00783,REQ1002,Recruiter Screening,1,2024-12-30,Cleared,\N,3
STG002279,CAN00783,REQ1002,Profile Submission,2,2024-12-31,Rejected – Compensation Mismatch,REC008,3
STG002280,CAN00784,REQ1010,Recruiter Screening,1,2025-04-08,Cleared,\N,4
STG002281,CAN00784,REQ1010,Profile Submission,2,2025-04-15,Rejected – Skills,REC006,3
STG002282,CAN00785,REQ1037,Recruiter Screening,1,2024-09-09,Cleared,\N,3
STG002283,CAN00785,REQ1037,Profile Submission,2,2024-09-10,Cleared,REC010,4
STG002284,CAN00785,REQ1037,Technical Round 1,3,2024-09-11,Cleared,REC010,5
STG002285,CAN00785,REQ1037,Technical Round 2,4,2024-09-12,Rejected – Skills,REC014,2
STG002286,CAN00786,REQ1053,Recruiter Screening,1,2024-03-04,Cleared,\N,5
STG002287,CAN00787,REQ1033,Recruiter Screening,1,2024-09-09,Cleared,\N,3
STG002288,CAN00787,REQ1033,HR Intro Round,2,2024-09-13,Candidate Withdrew,REC002,\N
STG002289,CAN00788,REQ1022,Recruiter Screening,1,2024-07-22,Rejected – Skills,\N,3
STG002290,CAN00789,REQ1010,Recruiter Screening,1,2025-06-17,Cleared,\N,4
STG002291,CAN00789,REQ1010,Profile Submission,2,2025-06-24,Rejected – Compensation Mismatch,REC010,3
STG002292,CAN00790,REQ1042,Recruiter Screening,1,2024-08-21,Rejected – Skills,\N,2
STG002293,CAN00791,REQ1021,Recruiter Screening,1,2025-06-23,Cleared,\N,5
STG002294,CAN00791,REQ1021,Profile Submission,2,2025-06-27,Cleared,REC011,5
STG002295,CAN00791,REQ1021,Technical Round 1,3,2025-06-30,Cleared,REC007,5
STG002296,CAN00792,REQ1016,Recruiter Screening,1,2024-11-04,Rejected – Skills,\N,3
STG002297,CAN00793,REQ1004,Recruiter Screening,1,2025-01-27,Cleared,\N,3
STG002298,CAN00793,REQ1004,Profile Submission,2,2025-02-10,Cleared,REC005,5
STG002299,CAN00793,REQ1004,Technical Round 1,3,2025-02-20,Rejected – Compensation Mismatch,REC008,1
STG002300,CAN00794,REQ1058,Recruiter Screening,1,2024-11-07,Cleared,\N,4
STG002301,CAN00794,REQ1058,HR Intro Round,2,2024-11-14,Cleared,REC014,3
STG002302,CAN00794,REQ1058,Technical Round 1,3,2024-11-21,Cleared,REC001,3
STG002303,CAN00794,REQ1058,Hiring Manager Round,4,2024-11-25,Cleared,REC005,5
STG002304,CAN00794,REQ1058,Offer Stage,5,2024-11-28,Cleared,REC006,5
STG002305,CAN00795,REQ1033,Recruiter Screening,1,2024-09-23,Cleared,\N,4
STG002306,CAN00795,REQ1033,HR Intro Round,2,2024-09-27,Cleared,REC012,3
STG002307,CAN00795,REQ1033,Technical Round 1,3,2024-09-30,Rejected – Skills,REC010,1
STG002308,CAN00796,REQ1047,Recruiter Screening,1,2024-03-11,Cleared,\N,3
STG002309,CAN00796,REQ1047,Profile Submission,2,2024-03-18,Req Cancelled Mid-Process,REC015,\N
STG002310,CAN00797,REQ1038,Recruiter Screening,1,2024-10-14,Rejected – Skills,\N,3
STG002311,CAN00798,REQ1058,Recruiter Screening,1,2024-12-26,Cleared,\N,3
STG002312,CAN00798,REQ1058,HR Intro Round,2,2025-01-03,Cleared,REC007,3
STG002313,CAN00798,REQ1058,Technical Round 1,3,2025-01-06,Cleared,REC011,5
STG002314,CAN00798,REQ1058,Hiring Manager Round,4,2025-01-13,Cleared,REC006,5
STG002315,CAN00798,REQ1058,Offer Stage,5,2025-01-20,Cleared,REC015,3
STG002316,CAN00799,REQ1047,Recruiter Screening,1,2024-03-28,Cleared,\N,3
STG002317,CAN00799,REQ1047,Profile Submission,2,2024-03-29,Req Cancelled Mid-Process,REC011,\N
STG002318,CAN00800,REQ1028,Recruiter Screening,1,2025-01-27,Cleared,\N,3
STG002319,CAN00800,REQ1028,Profile Submission,2,2025-01-30,Cleared,REC015,3
STG002320,CAN00800,REQ1028,Technical Round 1,3,2025-02-05,Rejected – Compensation Mismatch,REC002,1
